--
-- PostgreSQL database dump
--

\restrict Uw7qWdC9jiZGL5wzu4vh17XIzWOLTSBMjl4xYiq9DJFN6XPlhlIOaWMaLsEYCXp

-- Dumped from database version 17.6
-- Dumped by pg_dump version 17.10

SET statement_timeout = 0;
SET lock_timeout = 0;
SET idle_in_transaction_session_timeout = 0;
SET transaction_timeout = 0;
SET client_encoding = 'UTF8';
SET standard_conforming_strings = on;
SELECT pg_catalog.set_config('search_path', '', false);
SET check_function_bodies = false;
SET xmloption = content;
SET client_min_messages = warning;
SET row_security = off;

--
-- Data for Name: moduller; Type: TABLE DATA; Schema: public; Owner: -
--

COPY public.moduller (id, kod, ad, kategori, sira, aktif) FROM stdin;
ed42f22f-03dc-4d32-b963-fa24d2104b36	mal_kabul_form	Mal Kabul — Form Girişi	depo	1	t
1844c296-07ec-41f3-b7fe-24f7af3fafac	mal_kabul_kalite	Mal Kabul — Kalite Onayı	depo	2	t
613ae0c2-fc74-412d-8b8a-8e428af2d1e1	skt_takip	SKT Takip	depo	3	t
de87bd93-08c4-4a99-8623-cb83fa3c3128	stok_takip	Stok Takip	depo	4	t
791ad633-be27-4c54-b797-f105e9c9cd0d	depo_siparis	Depo Siparişleri (İç Talep)	depo	5	t
ade7c02f-4a2e-4a83-ac52-a1952d8cc582	ic_talep	İç Talep Oluşturma	satinalma	6	t
1a02ef5b-133d-42a5-83b8-7fb4ae15d8ff	siparis_olustur	Sipariş Oluşturma (C/R)	satinalma	7	t
132d4696-4d17-470f-bdd4-7e3af21674d2	siparis_takip	Sipariş Takip	satinalma	8	t
056a55c9-bc64-4675-95c1-3b5649752fe7	fiyat_kontrol	Fiyat Kontrolü	satinalma	9	t
273cdec9-7747-48eb-812d-e606a862f013	hesap_plani	Hesap Planı	muhasebe	10	t
9adcaab9-d0c6-4b7e-8fc6-1a80ca75617f	cari_hesaplar	Cari Hesaplar	muhasebe	11	t
ed98fc61-9899-4630-a4c8-8311707bc291	fatura_giris	Fatura Girişi	muhasebe	12	t
beef1da8-6594-4827-b53e-8a85ec48e3b1	fatura_onay	Fatura Onayı	muhasebe	13	t
c3baaade-7cc5-41f3-b4cb-dd5245755afb	odeme_yapma	Ödeme Yapma	muhasebe	14	t
b9161443-7f02-4a2a-8471-f2bb361286bc	uc_yollu_eslestirme	3-Way Matching	muhasebe	15	t
053f135f-ad66-4a0d-a6b1-fbbe87b57d38	yevmiye_fis_giris	Yevmiye — Fiş Girişi	muhasebe	16	t
c1ed4cae-61a5-48f1-9394-671fe139d0cc	yevmiye_fis_onay	Yevmiye — Fiş Onayı	muhasebe	17	t
6d1559ef-c3a8-4134-b860-8e429a65e3a2	banka_kasa	Banka / Kasa	muhasebe	18	t
f981db92-c17f-4160-adeb-4592ff20c780	doviz_manuel	Döviz Kurları — Manuel Giriş	muhasebe	19	t
57dd07de-2a72-416a-b3b7-5b8e1ad88a9c	mizan_raporlar	Mizan & Raporlar	muhasebe	20	t
c7aa0643-652c-4f55-b868-0b4647b6b2f3	denetim_izi	Denetim İzi (Audit Log)	muhasebe	21	t
28f4a63e-8360-407e-8331-e907b064cb8a	donem_kilitleme	Dönem Kilitleme	muhasebe	22	t
6796b930-e374-4588-b096-539a88716e99	kullanici_yonetimi	Kullanıcı Yönetimi	sistem	23	t
8bf0c652-1e97-4c70-b0a7-a7ce03995b26	gunluk_tuketim	Günlük Tüketim Kaydı	depo	24	t
6984beeb-838b-4a09-b4c0-2118e473535e	fiziksel_sayim	Fiziksel Sayım (Cycle Count)	depo	25	t
4d5df911-8675-4501-87ba-3e74a73e13f2	yeniden_siparis	Otomatik Yeniden Sipariş Önerisi	depo	26	t
d5a216af-0e72-4091-a6fc-596dc8d91d3a	guvenlik_stogu	Güvenlik Stoğu Hesaplama	depo	27	t
f7a64a62-035e-4f3c-9dd7-9f37d3907588	abc_analizi	ABC Analizi / Stok Sınıflandırma	depo	28	t
5d651cf2-e1b2-49c0-a347-8fcf353aaab1	trend_raporlama	Grafik / Trend Raporlama	depo	29	t
75b003fd-9e02-44c7-98a8-5cff436f50bc	fefo_kontrol	FEFO Koli Kontrolü	depo	30	t
ee7a7d97-f564-4a98-b9f9-60559124a65f	tedarikci_skorkart	Tedarikçi Skor Kartı	satinalma	31	t
89991120-3e94-4d03-b715-01cda1634467	firma_yonetimi	Firmalar	satinalma	32	t
e8d8530b-6cc2-4ae2-9d4d-0fa08d5c355e	demirbas_yonetimi	Demirbaş Yönetimi	muhasebe	33	t
b58d0737-e893-44de-bc41-4e9f0821607d	cek_senet_yonetimi	Çek/Senet Yönetimi	muhasebe	34	t
c837ede4-b821-4c02-babc-1579b57bf63c	butce_yonetimi	Bütçe Yönetimi	muhasebe	35	t
bf4aab81-ef21-4104-bd94-c5658c7dbeac	sene_sonu_kapama	Sene Sonu Kapama	muhasebe	36	t
19681d74-4661-4ae4-85a2-6765dc5245bf	e_fatura	e-Fatura	muhasebe	37	t
2fd58d42-10fe-4aaa-809e-ed706e8db2ac	e_defter	e-Defter	muhasebe	38	t
3b4a5e13-d6d9-4bf6-8ef5-9ba3f50e3e1c	muhasebe_asistan	Muhasebe Asistanı	muhasebe	39	t
9b5f9185-6e6f-453d-bc07-e5098a82bf73	yetki_yonetimi	Yetki Yönetimi	sistem	40	t
1963d9be-2e3f-430c-8630-02b9a005cb96	bar_qr_siparis	Bar QR Sipariş (planlanan — henüz geliştirilmedi)	fb	41	t
57b19f4b-a096-4563-a79e-9e82f4ae9a42	urun_yonetimi	Ürün Yönetimi (Birim Dönüşüm)	depo	42	t
\.


--
-- Data for Name: roller; Type: TABLE DATA; Schema: public; Owner: -
--

COPY public.roller (id, ad, seviye, aciklama, sira, aktif, olusturma_tarihi, kod, gizli) FROM stdin;
08efc465-f389-43c3-ad0c-2365938606d1	Turizm Grup Genel Direktörü	grup	\N	1	t	2026-07-05 15:48:45.968805+00	grup_direktor	f
ee93e5b8-f124-40b3-8ce2-f4f2cb5dc53e	Grup Mali İşler / Finans Direktörü	grup	\N	2	t	2026-07-05 15:48:45.968805+00	grup_finans	f
5cf6baf2-fa7e-41a3-82f4-d2e526bc7da0	Grup Satın Alma Direktörü	grup	\N	3	t	2026-07-05 15:48:45.968805+00	grup_satinalma	f
e3c8a3c4-597c-4f74-bb0b-fd3e255645a9	Kalite Güvence Direktörü	grup	\N	4	t	2026-07-05 15:48:45.968805+00	grup_kalite	f
a9224ab8-5a6c-41b5-b0eb-5b59361ae214	Genel Müdür (GM)	otel	\N	5	t	2026-07-05 15:48:45.968805+00	gm	f
df59fd8d-3c17-448e-8767-d2f3c12ee345	Mali İşler Müdürü	otel	\N	6	t	2026-07-05 15:48:45.968805+00	mali_isler_mdr	f
64ef2577-b42f-4ec2-a8fd-dd2a65565823	Muhasebe Müdürü / Şefi	otel	\N	7	t	2026-07-05 15:48:45.968805+00	muhasebe_mdr	f
79dbd35e-8d1f-4e61-a1c7-dd2e24e028e1	Muhasebe Elemanı	otel	\N	8	t	2026-07-05 15:48:45.968805+00	muhasebe	f
3638e005-e422-442f-a335-edc0a8fc3ff6	Cost Control Müdürü	otel	\N	9	t	2026-07-05 15:48:45.968805+00	cost_control_mdr	f
32580e5b-c175-46a2-b2b6-d9fdcdb9e601	Cost Control Elemanı	otel	\N	10	t	2026-07-05 15:48:45.968805+00	cost_control	f
9b6b01eb-437f-4440-b0b8-a8f9101ed0ea	Satın Alma Müdürü	otel	\N	11	t	2026-07-05 15:48:45.968805+00	satinalma_mdr	f
7659caaf-9253-4cf5-a036-256ee60cb51c	Satın Alma Elemanı	otel	\N	12	t	2026-07-05 15:48:45.968805+00	satinalma	f
3a8acfc3-a7b1-42cb-b567-e7f23d02a096	Depo / Ambar Şefi	otel	\N	13	t	2026-07-05 15:48:45.968805+00	depo_sef	f
13f231a5-b61e-4f58-9150-a2feee3cf15b	Depo Elemanı	otel	\N	14	t	2026-07-05 15:48:45.968805+00	depo	f
77a48bc8-96f9-4a15-9196-65b0e04304ae	Gıda Mühendisi / Kalite Sorumlusu	otel	\N	15	t	2026-07-05 15:48:45.968805+00	kalite	f
42022567-ab08-497d-adf1-8ab3996fd3a8	F&B Müdürü	otel	\N	16	t	2026-07-05 15:48:45.968805+00	fb_mdr	f
5a8fa998-d739-4294-a94f-448c9faae7ba	Ana Mutfak Şefi (Executive Chef)	otel	\N	17	t	2026-07-05 15:48:45.968805+00	mutfak	f
31f33ff6-9e7b-4602-b685-3b28e8ac92bc	Bar Şefi	otel	\N	18	t	2026-07-05 15:48:45.968805+00	bar	f
490354d0-30c3-46c2-80d3-6e5b0847c01b	IT / Sistem Yöneticisi	otel	\N	19	t	2026-07-05 15:48:45.968805+00	it_admin	f
8c72efdb-d6bd-42c4-9ea8-71ffd5bc1d9b	Depo Vardiya Sorumlusu	otel	\N	20	t	2026-07-18 16:52:33.319343+00	depo_vardiya	f
fd4b9619-456b-47af-9f2d-5f3edee9daa0	Mutfak Vardiya Sorumlusu	otel	\N	21	t	2026-07-18 16:52:33.319343+00	mutfak_vardiya	f
23962bd5-15ea-4caf-8be1-12aaec2933aa	Mutfak Personeli	otel	\N	22	t	2026-07-18 16:52:33.319343+00	mutfak_personel	f
08499574-2d86-432d-99b6-7fbe2b385b4f	Bar Vardiya Sorumlusu	otel	\N	23	t	2026-07-18 16:52:33.319343+00	bar_vardiya	f
69ccfc29-0308-45ed-8e3a-67c54fd26768	Bar Personeli	otel	\N	24	t	2026-07-18 16:52:33.319343+00	bar_personel	f
f91e85f2-8ef8-4744-9a1b-1fe4e8b6c221	Ön Büro Şefi	otel	\N	25	t	2026-07-18 16:52:33.319343+00	onburo_sef	f
2b67019e-cea1-48de-b76e-9e0b9bda5853	Ön Büro Vardiya Sorumlusu	otel	\N	26	t	2026-07-18 16:52:33.319343+00	onburo_vardiya	f
b1cede80-3911-4df3-bcdb-ed967d3b3f32	Ön Büro Personeli	otel	\N	27	t	2026-07-18 16:52:33.319343+00	onburo_personel	f
ab39c129-9a97-40a2-ae6a-72f498a92fb2	Teknik Servis Şefi	otel	\N	28	t	2026-07-18 16:52:33.319343+00	teknik_sef	f
261efb0f-6d8a-4480-99ec-faf4b2948238	Teknik Servis Vardiya Sorumlusu	otel	\N	29	t	2026-07-18 16:52:33.319343+00	teknik_vardiya	f
845067c1-44ee-4c82-9c83-804c08fcd739	Teknik Servis Personeli	otel	\N	30	t	2026-07-18 16:52:33.319343+00	teknik_personel	f
944c0961-c1b4-46e8-b895-2c442ed7737b	Kat Hizmetleri Şefi	otel	\N	31	t	2026-07-18 16:52:33.319343+00	kat_sef	f
60f75dea-62b5-41de-9b36-aa6a85d791b4	Kat Hizmetleri Vardiya Sorumlusu	otel	\N	32	t	2026-07-18 16:52:33.319343+00	kat_vardiya	f
40f8cd6f-854d-4531-b703-e6f2d33455a8	Kat Hizmetleri Personeli	otel	\N	33	t	2026-07-18 16:52:33.319343+00	kat_personel	f
55e21309-66a3-47cf-b2b9-b37280e37e55	Güvenlik Şefi	otel	\N	34	t	2026-07-18 16:52:33.319343+00	guvenlik_sef	f
eae56e86-6678-4363-83fd-900bd38d958c	Güvenlik Vardiya Sorumlusu	otel	\N	35	t	2026-07-18 16:52:33.319343+00	guvenlik_vardiya	f
fe4b5d6e-ff91-4f2f-be38-3805ac7213cc	Güvenlik Personeli	otel	\N	36	t	2026-07-18 16:52:33.319343+00	guvenlik_personel	f
f34e1839-eec7-4dce-8da1-6372e8969dcc	Sistem Yöneticisi	grup	\N	999	t	2026-07-18 20:38:03.590001+00	sistem_admin	t
\.


--
-- Data for Name: yetki_matrisi; Type: TABLE DATA; Schema: public; Owner: -
--

COPY public.yetki_matrisi (id, rol_id, modul_id, yetki, guncelleyen, guncelleme_tarihi) FROM stdin;
7f19d541-fbb2-498f-946c-ac002299917a	08efc465-f389-43c3-ad0c-2365938606d1	ed42f22f-03dc-4d32-b963-fa24d2104b36	goruntule	\N	2026-07-05 15:48:45.968805+00
bcad63cd-fa81-4146-8394-289dd86cd13b	08efc465-f389-43c3-ad0c-2365938606d1	1844c296-07ec-41f3-b7fe-24f7af3fafac	goruntule	\N	2026-07-05 15:48:45.968805+00
59bddabc-0392-4a3b-983e-8ef59efdc7d7	08efc465-f389-43c3-ad0c-2365938606d1	613ae0c2-fc74-412d-8b8a-8e428af2d1e1	goruntule	\N	2026-07-05 15:48:45.968805+00
00af6e9c-b8c4-4ee8-bf0e-cf1aa70ea860	08efc465-f389-43c3-ad0c-2365938606d1	de87bd93-08c4-4a99-8623-cb83fa3c3128	goruntule	\N	2026-07-05 15:48:45.968805+00
ef818069-8719-4ccd-bf89-9348e51952f4	08efc465-f389-43c3-ad0c-2365938606d1	ade7c02f-4a2e-4a83-ac52-a1952d8cc582	goruntule	\N	2026-07-05 15:48:45.968805+00
61cba82d-b0c9-4399-bc8b-8251c3e8e9ba	08efc465-f389-43c3-ad0c-2365938606d1	1a02ef5b-133d-42a5-83b8-7fb4ae15d8ff	goruntule	\N	2026-07-05 15:48:45.968805+00
3fe138a1-e2e7-4c62-a5dd-ff940d2044d7	08efc465-f389-43c3-ad0c-2365938606d1	056a55c9-bc64-4675-95c1-3b5649752fe7	goruntule	\N	2026-07-05 15:48:45.968805+00
05659407-6c9d-48c2-996b-bb7a94ae5488	08efc465-f389-43c3-ad0c-2365938606d1	273cdec9-7747-48eb-812d-e606a862f013	goruntule	\N	2026-07-05 15:48:45.968805+00
397fe9a4-8291-415d-9b24-e824d7b563eb	08efc465-f389-43c3-ad0c-2365938606d1	9adcaab9-d0c6-4b7e-8fc6-1a80ca75617f	goruntule	\N	2026-07-05 15:48:45.968805+00
4a1926bd-af88-4b97-ac42-6b2c4ec6da0a	08efc465-f389-43c3-ad0c-2365938606d1	ed98fc61-9899-4630-a4c8-8311707bc291	goruntule	\N	2026-07-05 15:48:45.968805+00
8951799c-151a-42ed-a7b0-ce102b409d0d	08efc465-f389-43c3-ad0c-2365938606d1	beef1da8-6594-4827-b53e-8a85ec48e3b1	goruntule	\N	2026-07-05 15:48:45.968805+00
a28935d0-64ee-4780-85bc-c6927bd7d11c	08efc465-f389-43c3-ad0c-2365938606d1	c3baaade-7cc5-41f3-b4cb-dd5245755afb	goruntule	\N	2026-07-05 15:48:45.968805+00
9db1616f-0805-420c-a966-72f99ee54086	08efc465-f389-43c3-ad0c-2365938606d1	b9161443-7f02-4a2a-8471-f2bb361286bc	goruntule	\N	2026-07-05 15:48:45.968805+00
b1f55c1c-a3c9-4d99-b858-44c68f271cdc	08efc465-f389-43c3-ad0c-2365938606d1	053f135f-ad66-4a0d-a6b1-fbbe87b57d38	goruntule	\N	2026-07-05 15:48:45.968805+00
069cad12-9afc-4b11-aa68-2b55da912122	08efc465-f389-43c3-ad0c-2365938606d1	c1ed4cae-61a5-48f1-9394-671fe139d0cc	goruntule	\N	2026-07-05 15:48:45.968805+00
23af065c-88f3-40c2-9216-53c39f35885b	08efc465-f389-43c3-ad0c-2365938606d1	6d1559ef-c3a8-4134-b860-8e429a65e3a2	goruntule	\N	2026-07-05 15:48:45.968805+00
ced78dc0-9221-4398-99b6-5efc1eaf12b2	08efc465-f389-43c3-ad0c-2365938606d1	f981db92-c17f-4160-adeb-4592ff20c780	goruntule	\N	2026-07-05 15:48:45.968805+00
4d4c451d-e742-4785-ae22-a6a2e2ef209f	08efc465-f389-43c3-ad0c-2365938606d1	57dd07de-2a72-416a-b3b7-5b8e1ad88a9c	goruntule	\N	2026-07-05 15:48:45.968805+00
980f7674-affb-4cda-92b5-5506598a64e2	08efc465-f389-43c3-ad0c-2365938606d1	c7aa0643-652c-4f55-b868-0b4647b6b2f3	goruntule	\N	2026-07-05 15:48:45.968805+00
12cfaa11-35be-42a9-ac42-220cfbe31f7b	08efc465-f389-43c3-ad0c-2365938606d1	28f4a63e-8360-407e-8331-e907b064cb8a	goruntule	\N	2026-07-05 15:48:45.968805+00
06a5f408-6aae-482d-a205-ffef0d50504e	08efc465-f389-43c3-ad0c-2365938606d1	6796b930-e374-4588-b096-539a88716e99	goruntule	\N	2026-07-05 15:48:45.968805+00
4270b456-de1e-4d6c-9323-a10ef5eff453	ee93e5b8-f124-40b3-8ce2-f4f2cb5dc53e	273cdec9-7747-48eb-812d-e606a862f013	tam	\N	2026-07-05 15:48:45.968805+00
18317218-d1d9-46d9-a0a4-4d9ac81dd903	ee93e5b8-f124-40b3-8ce2-f4f2cb5dc53e	9adcaab9-d0c6-4b7e-8fc6-1a80ca75617f	tam	\N	2026-07-05 15:48:45.968805+00
e20ad678-3713-4a4f-945d-5aebadf34922	ee93e5b8-f124-40b3-8ce2-f4f2cb5dc53e	ed98fc61-9899-4630-a4c8-8311707bc291	tam	\N	2026-07-05 15:48:45.968805+00
da03d9bd-3e0f-4ce9-a161-51c73689a23e	ee93e5b8-f124-40b3-8ce2-f4f2cb5dc53e	beef1da8-6594-4827-b53e-8a85ec48e3b1	tam	\N	2026-07-05 15:48:45.968805+00
4caa529e-4814-48a0-b6b3-5f9f6e4be0c1	ee93e5b8-f124-40b3-8ce2-f4f2cb5dc53e	c3baaade-7cc5-41f3-b4cb-dd5245755afb	tam	\N	2026-07-05 15:48:45.968805+00
b467dc34-996e-4df4-a54e-3f91cca403f6	ee93e5b8-f124-40b3-8ce2-f4f2cb5dc53e	b9161443-7f02-4a2a-8471-f2bb361286bc	tam	\N	2026-07-05 15:48:45.968805+00
6ae2c67e-6bd8-45a2-b28f-ab03e726fda1	ee93e5b8-f124-40b3-8ce2-f4f2cb5dc53e	053f135f-ad66-4a0d-a6b1-fbbe87b57d38	tam	\N	2026-07-05 15:48:45.968805+00
4e5ec9b9-1549-4dc9-9374-f05748e50eb1	ee93e5b8-f124-40b3-8ce2-f4f2cb5dc53e	c1ed4cae-61a5-48f1-9394-671fe139d0cc	tam	\N	2026-07-05 15:48:45.968805+00
c9b8cbc3-be5b-4762-8e62-cfaae82dd4fe	ee93e5b8-f124-40b3-8ce2-f4f2cb5dc53e	6d1559ef-c3a8-4134-b860-8e429a65e3a2	tam	\N	2026-07-05 15:48:45.968805+00
04ff77b1-8c75-4218-bc42-4ef9547d98d8	ee93e5b8-f124-40b3-8ce2-f4f2cb5dc53e	f981db92-c17f-4160-adeb-4592ff20c780	tam	\N	2026-07-05 15:48:45.968805+00
257e04f4-e3c2-42b1-9a92-b273acb0979d	ee93e5b8-f124-40b3-8ce2-f4f2cb5dc53e	57dd07de-2a72-416a-b3b7-5b8e1ad88a9c	tam	\N	2026-07-05 15:48:45.968805+00
aac5a4fc-c406-42fc-925d-28ab7a6a3dad	ee93e5b8-f124-40b3-8ce2-f4f2cb5dc53e	c7aa0643-652c-4f55-b868-0b4647b6b2f3	tam	\N	2026-07-05 15:48:45.968805+00
a850a909-dfb3-4702-992b-614ce7bd3e1d	ee93e5b8-f124-40b3-8ce2-f4f2cb5dc53e	28f4a63e-8360-407e-8331-e907b064cb8a	tam	\N	2026-07-05 15:48:45.968805+00
9cfd2f07-4099-484c-8bfa-aa835510f441	ee93e5b8-f124-40b3-8ce2-f4f2cb5dc53e	6796b930-e374-4588-b096-539a88716e99	yok	\N	2026-07-05 15:48:45.968805+00
0924dc5f-524a-4d1e-9a22-ea7470fad11f	5cf6baf2-fa7e-41a3-82f4-d2e526bc7da0	ed42f22f-03dc-4d32-b963-fa24d2104b36	yok	\N	2026-07-05 15:48:45.968805+00
9fae1bf0-cc19-4ec7-853b-94e42115c1f8	5cf6baf2-fa7e-41a3-82f4-d2e526bc7da0	1844c296-07ec-41f3-b7fe-24f7af3fafac	yok	\N	2026-07-05 15:48:45.968805+00
0c538538-9236-4f0b-b729-0acea7a4c16e	5cf6baf2-fa7e-41a3-82f4-d2e526bc7da0	613ae0c2-fc74-412d-8b8a-8e428af2d1e1	goruntule	\N	2026-07-05 15:48:45.968805+00
5179a03c-f7ad-4380-8cee-d2431ef1cf7e	5cf6baf2-fa7e-41a3-82f4-d2e526bc7da0	de87bd93-08c4-4a99-8623-cb83fa3c3128	goruntule	\N	2026-07-05 15:48:45.968805+00
284727a3-140a-4d42-ab55-05e8cb9f0d2c	5cf6baf2-fa7e-41a3-82f4-d2e526bc7da0	ade7c02f-4a2e-4a83-ac52-a1952d8cc582	tam	\N	2026-07-05 15:48:45.968805+00
d312b1bd-aa28-4158-9546-105d0aa13037	5cf6baf2-fa7e-41a3-82f4-d2e526bc7da0	1a02ef5b-133d-42a5-83b8-7fb4ae15d8ff	tam	\N	2026-07-05 15:48:45.968805+00
6a03fae2-c0bb-43c1-94cc-dbc4d68fb709	5cf6baf2-fa7e-41a3-82f4-d2e526bc7da0	132d4696-4d17-470f-bdd4-7e3af21674d2	tam	\N	2026-07-05 15:48:45.968805+00
15b2acdf-6865-4d45-8651-cb4b9747087a	5cf6baf2-fa7e-41a3-82f4-d2e526bc7da0	056a55c9-bc64-4675-95c1-3b5649752fe7	tam	\N	2026-07-05 15:48:45.968805+00
c4683eca-341f-48fe-9b3f-cc9029ce62b2	5cf6baf2-fa7e-41a3-82f4-d2e526bc7da0	273cdec9-7747-48eb-812d-e606a862f013	yok	\N	2026-07-05 15:48:45.968805+00
a4c7898e-bc9d-45da-9f93-062679ba6b7b	5cf6baf2-fa7e-41a3-82f4-d2e526bc7da0	9adcaab9-d0c6-4b7e-8fc6-1a80ca75617f	goruntule	\N	2026-07-05 15:48:45.968805+00
d29b2658-50a5-48e3-8244-a10b3abe9493	5cf6baf2-fa7e-41a3-82f4-d2e526bc7da0	ed98fc61-9899-4630-a4c8-8311707bc291	yok	\N	2026-07-05 15:48:45.968805+00
49d0f38e-8087-4622-afbb-50db720f93ea	5cf6baf2-fa7e-41a3-82f4-d2e526bc7da0	beef1da8-6594-4827-b53e-8a85ec48e3b1	yok	\N	2026-07-05 15:48:45.968805+00
e0d943df-70ec-4aea-85be-427bded3e2e9	5cf6baf2-fa7e-41a3-82f4-d2e526bc7da0	c3baaade-7cc5-41f3-b4cb-dd5245755afb	yok	\N	2026-07-05 15:48:45.968805+00
18698c68-3dd8-4d49-9afe-d55dde99379a	5cf6baf2-fa7e-41a3-82f4-d2e526bc7da0	b9161443-7f02-4a2a-8471-f2bb361286bc	goruntule	\N	2026-07-05 15:48:45.968805+00
bb84721a-7546-4fbb-8c09-1b11cb7a4894	5cf6baf2-fa7e-41a3-82f4-d2e526bc7da0	053f135f-ad66-4a0d-a6b1-fbbe87b57d38	yok	\N	2026-07-05 15:48:45.968805+00
be21c7af-01c2-4b37-81a6-132ec589d4b8	5cf6baf2-fa7e-41a3-82f4-d2e526bc7da0	c1ed4cae-61a5-48f1-9394-671fe139d0cc	yok	\N	2026-07-05 15:48:45.968805+00
917e89eb-b60a-4389-ba88-551429b49f29	5cf6baf2-fa7e-41a3-82f4-d2e526bc7da0	6d1559ef-c3a8-4134-b860-8e429a65e3a2	yok	\N	2026-07-05 15:48:45.968805+00
72a4f0f0-a882-46ab-b2ef-e4239ca036bd	5cf6baf2-fa7e-41a3-82f4-d2e526bc7da0	f981db92-c17f-4160-adeb-4592ff20c780	yok	\N	2026-07-05 15:48:45.968805+00
c4c220c3-6ca9-4cdc-ac49-01d713877798	5cf6baf2-fa7e-41a3-82f4-d2e526bc7da0	57dd07de-2a72-416a-b3b7-5b8e1ad88a9c	yok	\N	2026-07-05 15:48:45.968805+00
4858f8ae-8d4b-409b-ada9-2f864991f39a	5cf6baf2-fa7e-41a3-82f4-d2e526bc7da0	c7aa0643-652c-4f55-b868-0b4647b6b2f3	yok	\N	2026-07-05 15:48:45.968805+00
6dce1d99-ef19-4bf0-83f3-87639b2f9a43	5cf6baf2-fa7e-41a3-82f4-d2e526bc7da0	28f4a63e-8360-407e-8331-e907b064cb8a	yok	\N	2026-07-05 15:48:45.968805+00
ce80dce0-ef98-4e19-8bfb-fe03c0237746	5cf6baf2-fa7e-41a3-82f4-d2e526bc7da0	6796b930-e374-4588-b096-539a88716e99	yok	\N	2026-07-05 15:48:45.968805+00
aca45ce8-47ac-4d3b-b17f-fc3e0efb878e	e3c8a3c4-597c-4f74-bb0b-fd3e255645a9	ed42f22f-03dc-4d32-b963-fa24d2104b36	goruntule	\N	2026-07-05 15:48:45.968805+00
abe0280e-e651-4d6a-8736-85ff5de2a2b7	e3c8a3c4-597c-4f74-bb0b-fd3e255645a9	1844c296-07ec-41f3-b7fe-24f7af3fafac	goruntule	\N	2026-07-05 15:48:45.968805+00
c4835e81-b174-4a42-ac0d-2bd5eeda5629	e3c8a3c4-597c-4f74-bb0b-fd3e255645a9	613ae0c2-fc74-412d-8b8a-8e428af2d1e1	goruntule	\N	2026-07-05 15:48:45.968805+00
0eba5670-bec7-4261-b46a-8b2f3b3b8ee7	e3c8a3c4-597c-4f74-bb0b-fd3e255645a9	de87bd93-08c4-4a99-8623-cb83fa3c3128	goruntule	\N	2026-07-05 15:48:45.968805+00
c09822ce-c44c-4c78-be13-af9725ae6185	e3c8a3c4-597c-4f74-bb0b-fd3e255645a9	ade7c02f-4a2e-4a83-ac52-a1952d8cc582	yok	\N	2026-07-05 15:48:45.968805+00
093aa5c3-3316-4d7a-af48-b8e519802919	e3c8a3c4-597c-4f74-bb0b-fd3e255645a9	1a02ef5b-133d-42a5-83b8-7fb4ae15d8ff	yok	\N	2026-07-05 15:48:45.968805+00
7a673999-f12f-4249-b979-91971bbe211f	e3c8a3c4-597c-4f74-bb0b-fd3e255645a9	132d4696-4d17-470f-bdd4-7e3af21674d2	yok	\N	2026-07-05 15:48:45.968805+00
c85c18d9-5607-4a01-9d99-d1795bd2fc82	e3c8a3c4-597c-4f74-bb0b-fd3e255645a9	056a55c9-bc64-4675-95c1-3b5649752fe7	yok	\N	2026-07-05 15:48:45.968805+00
dd02337a-feb5-4aa6-ab22-105d0448b441	e3c8a3c4-597c-4f74-bb0b-fd3e255645a9	273cdec9-7747-48eb-812d-e606a862f013	yok	\N	2026-07-05 15:48:45.968805+00
8f7c33be-fc49-4a9a-83c1-ff1d777bf3cd	e3c8a3c4-597c-4f74-bb0b-fd3e255645a9	9adcaab9-d0c6-4b7e-8fc6-1a80ca75617f	yok	\N	2026-07-05 15:48:45.968805+00
840268ed-5298-4399-983b-d739b0002262	e3c8a3c4-597c-4f74-bb0b-fd3e255645a9	ed98fc61-9899-4630-a4c8-8311707bc291	yok	\N	2026-07-05 15:48:45.968805+00
83b386d8-63db-4fde-bdf5-d1bb9bf8c276	e3c8a3c4-597c-4f74-bb0b-fd3e255645a9	beef1da8-6594-4827-b53e-8a85ec48e3b1	yok	\N	2026-07-05 15:48:45.968805+00
dc2f3fd3-6305-4c48-8189-d58f207490df	e3c8a3c4-597c-4f74-bb0b-fd3e255645a9	c3baaade-7cc5-41f3-b4cb-dd5245755afb	yok	\N	2026-07-05 15:48:45.968805+00
48614d9f-c7c5-4fb3-a101-c0c374d2e4dd	e3c8a3c4-597c-4f74-bb0b-fd3e255645a9	b9161443-7f02-4a2a-8471-f2bb361286bc	yok	\N	2026-07-05 15:48:45.968805+00
cec6594d-c62b-4c2b-b17c-c138f4a27586	e3c8a3c4-597c-4f74-bb0b-fd3e255645a9	053f135f-ad66-4a0d-a6b1-fbbe87b57d38	yok	\N	2026-07-05 15:48:45.968805+00
38ddd5ed-f069-49bc-9233-1ec5ed60e621	e3c8a3c4-597c-4f74-bb0b-fd3e255645a9	c1ed4cae-61a5-48f1-9394-671fe139d0cc	yok	\N	2026-07-05 15:48:45.968805+00
f115f4fc-7949-408b-a264-e45c1431a210	e3c8a3c4-597c-4f74-bb0b-fd3e255645a9	6d1559ef-c3a8-4134-b860-8e429a65e3a2	yok	\N	2026-07-05 15:48:45.968805+00
e2c9b447-9069-4f8e-a34b-7df58540e9f6	e3c8a3c4-597c-4f74-bb0b-fd3e255645a9	f981db92-c17f-4160-adeb-4592ff20c780	yok	\N	2026-07-05 15:48:45.968805+00
bbfa73a6-bdcf-41bd-8d0d-03ef99966ee3	ee93e5b8-f124-40b3-8ce2-f4f2cb5dc53e	056a55c9-bc64-4675-95c1-3b5649752fe7	kayit	\N	2026-07-07 08:44:20.845+00
1161595b-49d0-4ac5-a1b9-fe41e825d6b9	ee93e5b8-f124-40b3-8ce2-f4f2cb5dc53e	132d4696-4d17-470f-bdd4-7e3af21674d2	kayit	\N	2026-07-07 08:44:21.269+00
7f9a2fcd-fe9b-48bc-a321-751c79e2d2e2	ee93e5b8-f124-40b3-8ce2-f4f2cb5dc53e	1a02ef5b-133d-42a5-83b8-7fb4ae15d8ff	kayit	\N	2026-07-07 08:44:22.149+00
79b7f640-4542-4547-b48f-86e5cd2fef81	ee93e5b8-f124-40b3-8ce2-f4f2cb5dc53e	ade7c02f-4a2e-4a83-ac52-a1952d8cc582	kayit	\N	2026-07-07 08:44:22.851+00
b1a57133-37d0-4e7e-8bf1-5c8c33a83468	ee93e5b8-f124-40b3-8ce2-f4f2cb5dc53e	791ad633-be27-4c54-b797-f105e9c9cd0d	kayit	\N	2026-07-07 08:44:23.315+00
39b1311f-f112-4c11-b395-0cfcc8bf60ca	ee93e5b8-f124-40b3-8ce2-f4f2cb5dc53e	613ae0c2-fc74-412d-8b8a-8e428af2d1e1	kayit	\N	2026-07-07 08:44:23.907+00
af1b7911-d1cc-4f22-a508-d4f3aa042c70	ee93e5b8-f124-40b3-8ce2-f4f2cb5dc53e	de87bd93-08c4-4a99-8623-cb83fa3c3128	kayit	\N	2026-07-07 08:44:24.519+00
d2e818c9-4ee4-4274-8b90-7dd3d3623f09	ee93e5b8-f124-40b3-8ce2-f4f2cb5dc53e	1844c296-07ec-41f3-b7fe-24f7af3fafac	kayit	\N	2026-07-07 08:44:25.068+00
604133c8-767d-4aa1-8eb4-0ab36278ef1c	ee93e5b8-f124-40b3-8ce2-f4f2cb5dc53e	ed42f22f-03dc-4d32-b963-fa24d2104b36	kayit	\N	2026-07-07 08:44:25.739+00
9b553384-42ac-4eaf-b6eb-251c8d3f0b77	e3c8a3c4-597c-4f74-bb0b-fd3e255645a9	791ad633-be27-4c54-b797-f105e9c9cd0d	kayit	\N	2026-07-19 16:57:12.494+00
bf015abc-23cc-43a7-aa43-c83c8602e4e3	5cf6baf2-fa7e-41a3-82f4-d2e526bc7da0	791ad633-be27-4c54-b797-f105e9c9cd0d	kayit	\N	2026-07-19 16:57:14.045+00
73d927f8-734a-4ca3-952f-0a4fa67702a1	08efc465-f389-43c3-ad0c-2365938606d1	791ad633-be27-4c54-b797-f105e9c9cd0d	kayit	\N	2026-07-19 16:57:16.11+00
e5fc9d82-42b1-41f0-a341-d13e812eca1f	e3c8a3c4-597c-4f74-bb0b-fd3e255645a9	57dd07de-2a72-416a-b3b7-5b8e1ad88a9c	yok	\N	2026-07-05 15:48:45.968805+00
eaa70384-21ba-4f26-9263-9baa85c08231	e3c8a3c4-597c-4f74-bb0b-fd3e255645a9	c7aa0643-652c-4f55-b868-0b4647b6b2f3	goruntule	\N	2026-07-05 15:48:45.968805+00
3b4cd2f5-488d-49f1-96d6-f1637689522e	e3c8a3c4-597c-4f74-bb0b-fd3e255645a9	28f4a63e-8360-407e-8331-e907b064cb8a	yok	\N	2026-07-05 15:48:45.968805+00
84c4b973-897a-4702-9c65-0c6337452cca	e3c8a3c4-597c-4f74-bb0b-fd3e255645a9	6796b930-e374-4588-b096-539a88716e99	yok	\N	2026-07-05 15:48:45.968805+00
2ac6468b-2e78-4726-ac62-2e0d2f71a072	a9224ab8-5a6c-41b5-b0eb-5b59361ae214	ed42f22f-03dc-4d32-b963-fa24d2104b36	goruntule	\N	2026-07-05 15:48:45.968805+00
d5be1b75-ad7a-4073-8094-a1823673539d	a9224ab8-5a6c-41b5-b0eb-5b59361ae214	1844c296-07ec-41f3-b7fe-24f7af3fafac	goruntule	\N	2026-07-05 15:48:45.968805+00
aeb9c62f-89b5-4f86-b22a-9f9cf3ad9991	a9224ab8-5a6c-41b5-b0eb-5b59361ae214	613ae0c2-fc74-412d-8b8a-8e428af2d1e1	goruntule	\N	2026-07-05 15:48:45.968805+00
d5c96dab-642c-4c4d-9213-55a6a9b88f82	a9224ab8-5a6c-41b5-b0eb-5b59361ae214	de87bd93-08c4-4a99-8623-cb83fa3c3128	goruntule	\N	2026-07-05 15:48:45.968805+00
23bdb739-6e57-4e5f-9664-78d260627c5c	a9224ab8-5a6c-41b5-b0eb-5b59361ae214	ade7c02f-4a2e-4a83-ac52-a1952d8cc582	goruntule	\N	2026-07-05 15:48:45.968805+00
e1f89771-bc18-441a-b7e2-c173c65d8122	a9224ab8-5a6c-41b5-b0eb-5b59361ae214	1a02ef5b-133d-42a5-83b8-7fb4ae15d8ff	goruntule	\N	2026-07-05 15:48:45.968805+00
6ba4743e-3c29-402d-91b4-caaa9e9c4311	a9224ab8-5a6c-41b5-b0eb-5b59361ae214	132d4696-4d17-470f-bdd4-7e3af21674d2	goruntule	\N	2026-07-05 15:48:45.968805+00
ec2083fc-47a8-442e-9e8f-6f0e17f8d726	a9224ab8-5a6c-41b5-b0eb-5b59361ae214	056a55c9-bc64-4675-95c1-3b5649752fe7	goruntule	\N	2026-07-05 15:48:45.968805+00
a87ecffd-00fe-41ef-87a5-30bfa562b917	a9224ab8-5a6c-41b5-b0eb-5b59361ae214	273cdec9-7747-48eb-812d-e606a862f013	goruntule	\N	2026-07-05 15:48:45.968805+00
db9fa074-8169-4c40-9691-12a0db8026ea	a9224ab8-5a6c-41b5-b0eb-5b59361ae214	9adcaab9-d0c6-4b7e-8fc6-1a80ca75617f	goruntule	\N	2026-07-05 15:48:45.968805+00
56553c56-7719-4b30-a587-9a3364e3d653	a9224ab8-5a6c-41b5-b0eb-5b59361ae214	ed98fc61-9899-4630-a4c8-8311707bc291	goruntule	\N	2026-07-05 15:48:45.968805+00
6ab29812-ba70-422a-9e56-ab27df56dfac	a9224ab8-5a6c-41b5-b0eb-5b59361ae214	beef1da8-6594-4827-b53e-8a85ec48e3b1	tam	\N	2026-07-05 15:48:45.968805+00
f3575cc1-06d4-4e52-8849-260063f8e853	a9224ab8-5a6c-41b5-b0eb-5b59361ae214	c3baaade-7cc5-41f3-b4cb-dd5245755afb	goruntule	\N	2026-07-05 15:48:45.968805+00
26c03fbe-c89a-4b50-9e69-2b40d0aa12e0	a9224ab8-5a6c-41b5-b0eb-5b59361ae214	b9161443-7f02-4a2a-8471-f2bb361286bc	goruntule	\N	2026-07-05 15:48:45.968805+00
81099532-7fd5-4dce-a7eb-e2529a0a18e2	a9224ab8-5a6c-41b5-b0eb-5b59361ae214	053f135f-ad66-4a0d-a6b1-fbbe87b57d38	goruntule	\N	2026-07-05 15:48:45.968805+00
c5506418-18b9-4dde-9fdd-1be232fabe6c	a9224ab8-5a6c-41b5-b0eb-5b59361ae214	c1ed4cae-61a5-48f1-9394-671fe139d0cc	tam	\N	2026-07-05 15:48:45.968805+00
091c13b6-ce9d-41a5-9d4b-6a65fd7cc7a2	a9224ab8-5a6c-41b5-b0eb-5b59361ae214	6d1559ef-c3a8-4134-b860-8e429a65e3a2	goruntule	\N	2026-07-05 15:48:45.968805+00
386088fc-d9a4-4f33-8271-55d0cd1a9841	a9224ab8-5a6c-41b5-b0eb-5b59361ae214	f981db92-c17f-4160-adeb-4592ff20c780	goruntule	\N	2026-07-05 15:48:45.968805+00
d6b633ed-1bf1-4ea2-a341-72b510f8c396	a9224ab8-5a6c-41b5-b0eb-5b59361ae214	57dd07de-2a72-416a-b3b7-5b8e1ad88a9c	goruntule	\N	2026-07-05 15:48:45.968805+00
0ba6032e-d090-4651-ad5d-f4234c1fd97d	a9224ab8-5a6c-41b5-b0eb-5b59361ae214	c7aa0643-652c-4f55-b868-0b4647b6b2f3	goruntule	\N	2026-07-05 15:48:45.968805+00
faa1fdd9-5685-446d-a62e-e43dad46241c	a9224ab8-5a6c-41b5-b0eb-5b59361ae214	28f4a63e-8360-407e-8331-e907b064cb8a	goruntule	\N	2026-07-05 15:48:45.968805+00
137e4e5d-63f6-49a9-b505-b58253ac6364	a9224ab8-5a6c-41b5-b0eb-5b59361ae214	6796b930-e374-4588-b096-539a88716e99	goruntule	\N	2026-07-05 15:48:45.968805+00
64d087dd-f0c4-4f13-bc9c-cd9d0cae4b87	df59fd8d-3c17-448e-8767-d2f3c12ee345	ed42f22f-03dc-4d32-b963-fa24d2104b36	goruntule	\N	2026-07-05 15:48:45.968805+00
3d310602-c8c2-44d3-9f48-5f297af277b0	df59fd8d-3c17-448e-8767-d2f3c12ee345	1844c296-07ec-41f3-b7fe-24f7af3fafac	yok	\N	2026-07-05 15:48:45.968805+00
0b49d0a6-e6e3-464b-a556-bf55c8d42b74	df59fd8d-3c17-448e-8767-d2f3c12ee345	613ae0c2-fc74-412d-8b8a-8e428af2d1e1	yok	\N	2026-07-05 15:48:45.968805+00
dd9f9678-03ac-49a8-a4a0-37dd00e24d33	df59fd8d-3c17-448e-8767-d2f3c12ee345	de87bd93-08c4-4a99-8623-cb83fa3c3128	goruntule	\N	2026-07-05 15:48:45.968805+00
00628e59-af53-4e5e-aa7d-2f59c9496f87	df59fd8d-3c17-448e-8767-d2f3c12ee345	1a02ef5b-133d-42a5-83b8-7fb4ae15d8ff	yok	\N	2026-07-05 15:48:45.968805+00
0df1a251-4aba-4ee6-9d16-9942ccca4dc1	df59fd8d-3c17-448e-8767-d2f3c12ee345	132d4696-4d17-470f-bdd4-7e3af21674d2	yok	\N	2026-07-05 15:48:45.968805+00
9ea0c41d-9868-4163-9e23-56fc56a9b2d3	df59fd8d-3c17-448e-8767-d2f3c12ee345	056a55c9-bc64-4675-95c1-3b5649752fe7	goruntule	\N	2026-07-05 15:48:45.968805+00
70954e31-96be-40e8-b2a3-914c77de95a8	df59fd8d-3c17-448e-8767-d2f3c12ee345	273cdec9-7747-48eb-812d-e606a862f013	tam	\N	2026-07-05 15:48:45.968805+00
4c734a39-5019-40de-ba81-e998689e8626	df59fd8d-3c17-448e-8767-d2f3c12ee345	9adcaab9-d0c6-4b7e-8fc6-1a80ca75617f	tam	\N	2026-07-05 15:48:45.968805+00
c4641bac-ffec-412a-acf2-4d44cbc7f46d	df59fd8d-3c17-448e-8767-d2f3c12ee345	ed98fc61-9899-4630-a4c8-8311707bc291	tam	\N	2026-07-05 15:48:45.968805+00
ff742aee-b201-418c-bcdd-5c55cdea8a64	df59fd8d-3c17-448e-8767-d2f3c12ee345	beef1da8-6594-4827-b53e-8a85ec48e3b1	tam	\N	2026-07-05 15:48:45.968805+00
faf6c90c-32b5-4409-adfc-0fbad52363a1	df59fd8d-3c17-448e-8767-d2f3c12ee345	c3baaade-7cc5-41f3-b4cb-dd5245755afb	tam	\N	2026-07-05 15:48:45.968805+00
37a0a4f6-e80f-4846-b099-9901dbf63e05	df59fd8d-3c17-448e-8767-d2f3c12ee345	b9161443-7f02-4a2a-8471-f2bb361286bc	tam	\N	2026-07-05 15:48:45.968805+00
ede00e53-fefc-459e-b51e-62da249f4e54	df59fd8d-3c17-448e-8767-d2f3c12ee345	053f135f-ad66-4a0d-a6b1-fbbe87b57d38	tam	\N	2026-07-05 15:48:45.968805+00
d8b4caee-c4e3-4d09-bf5d-7a4407b49e1b	df59fd8d-3c17-448e-8767-d2f3c12ee345	c1ed4cae-61a5-48f1-9394-671fe139d0cc	tam	\N	2026-07-05 15:48:45.968805+00
b2b74457-275c-4a72-9e84-154a11df21ca	df59fd8d-3c17-448e-8767-d2f3c12ee345	6d1559ef-c3a8-4134-b860-8e429a65e3a2	tam	\N	2026-07-05 15:48:45.968805+00
7069ba51-a494-47b4-a5d9-ab2c213e5433	df59fd8d-3c17-448e-8767-d2f3c12ee345	f981db92-c17f-4160-adeb-4592ff20c780	tam	\N	2026-07-05 15:48:45.968805+00
24e212d1-f9a1-4f43-a633-5232d0c64259	df59fd8d-3c17-448e-8767-d2f3c12ee345	57dd07de-2a72-416a-b3b7-5b8e1ad88a9c	tam	\N	2026-07-05 15:48:45.968805+00
53257f60-20ee-4708-85d4-03b0d8f767be	df59fd8d-3c17-448e-8767-d2f3c12ee345	c7aa0643-652c-4f55-b868-0b4647b6b2f3	tam	\N	2026-07-05 15:48:45.968805+00
70a49fc5-7a90-46a4-9904-946de30f73e9	df59fd8d-3c17-448e-8767-d2f3c12ee345	28f4a63e-8360-407e-8331-e907b064cb8a	tam	\N	2026-07-05 15:48:45.968805+00
7f1d1f87-8ca0-40c2-95e5-4c63de66fd24	df59fd8d-3c17-448e-8767-d2f3c12ee345	6796b930-e374-4588-b096-539a88716e99	yok	\N	2026-07-05 15:48:45.968805+00
5beffe11-081c-4a67-aaea-b30513f91d79	64ef2577-b42f-4ec2-a8fd-dd2a65565823	ed42f22f-03dc-4d32-b963-fa24d2104b36	yok	\N	2026-07-05 15:48:45.968805+00
4822853b-0820-4be1-bbf3-5d21dbb3d20b	64ef2577-b42f-4ec2-a8fd-dd2a65565823	1844c296-07ec-41f3-b7fe-24f7af3fafac	yok	\N	2026-07-05 15:48:45.968805+00
2bf91823-c68d-4ad9-9a5b-2e6910806c78	64ef2577-b42f-4ec2-a8fd-dd2a65565823	613ae0c2-fc74-412d-8b8a-8e428af2d1e1	yok	\N	2026-07-05 15:48:45.968805+00
6ade7a1b-dfcc-4bc4-9592-79b7971a6974	64ef2577-b42f-4ec2-a8fd-dd2a65565823	de87bd93-08c4-4a99-8623-cb83fa3c3128	yok	\N	2026-07-05 15:48:45.968805+00
ccc4409d-55cf-48ef-ace1-109b0473c31f	64ef2577-b42f-4ec2-a8fd-dd2a65565823	1a02ef5b-133d-42a5-83b8-7fb4ae15d8ff	yok	\N	2026-07-05 15:48:45.968805+00
897b625b-fb99-4508-8a58-f2e5a9379282	64ef2577-b42f-4ec2-a8fd-dd2a65565823	132d4696-4d17-470f-bdd4-7e3af21674d2	yok	\N	2026-07-05 15:48:45.968805+00
d7bdda14-38b5-40d6-89ad-826599c3e5fa	64ef2577-b42f-4ec2-a8fd-dd2a65565823	056a55c9-bc64-4675-95c1-3b5649752fe7	yok	\N	2026-07-05 15:48:45.968805+00
30ce2965-0c42-4c01-9b8a-3dd1a899e675	64ef2577-b42f-4ec2-a8fd-dd2a65565823	273cdec9-7747-48eb-812d-e606a862f013	tam	\N	2026-07-05 15:48:45.968805+00
c86b7151-fc77-404d-8a03-2ebf9c919b4f	64ef2577-b42f-4ec2-a8fd-dd2a65565823	9adcaab9-d0c6-4b7e-8fc6-1a80ca75617f	tam	\N	2026-07-05 15:48:45.968805+00
c6a844d7-c4da-42c7-b4ca-bfb78f5e1fce	64ef2577-b42f-4ec2-a8fd-dd2a65565823	ed98fc61-9899-4630-a4c8-8311707bc291	tam	\N	2026-07-05 15:48:45.968805+00
33937191-e6e8-4f5c-bcc6-c3d67ddf0132	64ef2577-b42f-4ec2-a8fd-dd2a65565823	beef1da8-6594-4827-b53e-8a85ec48e3b1	tam	\N	2026-07-05 15:48:45.968805+00
6e423940-02ac-4318-b232-2b34e057840e	64ef2577-b42f-4ec2-a8fd-dd2a65565823	c3baaade-7cc5-41f3-b4cb-dd5245755afb	tam	\N	2026-07-05 15:48:45.968805+00
808d0a06-2104-48ad-8b45-04aa073ce825	64ef2577-b42f-4ec2-a8fd-dd2a65565823	b9161443-7f02-4a2a-8471-f2bb361286bc	tam	\N	2026-07-05 15:48:45.968805+00
bb4d01b0-7f9a-4f60-a9c1-dfa05f9d63ef	64ef2577-b42f-4ec2-a8fd-dd2a65565823	053f135f-ad66-4a0d-a6b1-fbbe87b57d38	tam	\N	2026-07-05 15:48:45.968805+00
a2ffab1b-9ac0-47fd-9738-84b9f8c1a7e1	64ef2577-b42f-4ec2-a8fd-dd2a65565823	c1ed4cae-61a5-48f1-9394-671fe139d0cc	tam	\N	2026-07-05 15:48:45.968805+00
1e6c62c6-8b49-40e6-87da-ee3cddf0d801	64ef2577-b42f-4ec2-a8fd-dd2a65565823	6d1559ef-c3a8-4134-b860-8e429a65e3a2	tam	\N	2026-07-05 15:48:45.968805+00
234589c3-952b-4754-8d63-d98182ace356	64ef2577-b42f-4ec2-a8fd-dd2a65565823	f981db92-c17f-4160-adeb-4592ff20c780	kayit	\N	2026-07-05 15:48:45.968805+00
ba21e1c2-8c00-4722-bba6-8f7d1b941b5a	64ef2577-b42f-4ec2-a8fd-dd2a65565823	57dd07de-2a72-416a-b3b7-5b8e1ad88a9c	goruntule	\N	2026-07-05 15:48:45.968805+00
24c3367f-3063-4abc-b03a-38a5ec55cc03	64ef2577-b42f-4ec2-a8fd-dd2a65565823	c7aa0643-652c-4f55-b868-0b4647b6b2f3	goruntule	\N	2026-07-05 15:48:45.968805+00
7b5ef576-fa56-4c93-8c3f-2df0eff157c3	64ef2577-b42f-4ec2-a8fd-dd2a65565823	28f4a63e-8360-407e-8331-e907b064cb8a	tam	\N	2026-07-05 15:48:45.968805+00
737212b2-96e6-47e2-bec8-2f8f265e92cd	64ef2577-b42f-4ec2-a8fd-dd2a65565823	6796b930-e374-4588-b096-539a88716e99	yok	\N	2026-07-05 15:48:45.968805+00
ff473a19-4ba4-42eb-9cbb-8f057bfd40e2	79dbd35e-8d1f-4e61-a1c7-dd2e24e028e1	ed42f22f-03dc-4d32-b963-fa24d2104b36	yok	\N	2026-07-05 15:48:45.968805+00
c3c6cdb4-20ae-48f4-846e-522407ee9c23	79dbd35e-8d1f-4e61-a1c7-dd2e24e028e1	1844c296-07ec-41f3-b7fe-24f7af3fafac	yok	\N	2026-07-05 15:48:45.968805+00
77a7cc46-5840-4c18-b847-08e69c078a67	79dbd35e-8d1f-4e61-a1c7-dd2e24e028e1	613ae0c2-fc74-412d-8b8a-8e428af2d1e1	yok	\N	2026-07-05 15:48:45.968805+00
c904d7d6-2b99-42e8-a3d5-61442ed7cbe8	79dbd35e-8d1f-4e61-a1c7-dd2e24e028e1	de87bd93-08c4-4a99-8623-cb83fa3c3128	yok	\N	2026-07-05 15:48:45.968805+00
53b93ff4-687e-46ca-a504-4aedca2de4a1	79dbd35e-8d1f-4e61-a1c7-dd2e24e028e1	ade7c02f-4a2e-4a83-ac52-a1952d8cc582	yok	\N	2026-07-05 15:48:45.968805+00
ab48e6ee-ce43-4fce-baf1-8f2274d37af6	79dbd35e-8d1f-4e61-a1c7-dd2e24e028e1	1a02ef5b-133d-42a5-83b8-7fb4ae15d8ff	yok	\N	2026-07-05 15:48:45.968805+00
bdceb560-efbf-4bf2-8798-2d13f14b8efd	79dbd35e-8d1f-4e61-a1c7-dd2e24e028e1	132d4696-4d17-470f-bdd4-7e3af21674d2	yok	\N	2026-07-05 15:48:45.968805+00
30a04bb3-6efa-472b-9ffa-4a091a424130	79dbd35e-8d1f-4e61-a1c7-dd2e24e028e1	056a55c9-bc64-4675-95c1-3b5649752fe7	yok	\N	2026-07-05 15:48:45.968805+00
db892480-3c11-4820-b204-e32729e6b540	79dbd35e-8d1f-4e61-a1c7-dd2e24e028e1	273cdec9-7747-48eb-812d-e606a862f013	goruntule	\N	2026-07-05 15:48:45.968805+00
22dbe0cf-1ba0-45d6-9494-b83d3af4c794	79dbd35e-8d1f-4e61-a1c7-dd2e24e028e1	9adcaab9-d0c6-4b7e-8fc6-1a80ca75617f	kayit	\N	2026-07-05 15:48:45.968805+00
a2ed38bb-1ead-4e76-ac01-800f2b3918e2	79dbd35e-8d1f-4e61-a1c7-dd2e24e028e1	ed98fc61-9899-4630-a4c8-8311707bc291	kayit	\N	2026-07-05 15:48:45.968805+00
6de685c6-63ea-467c-8ad6-1e84c2179ac0	79dbd35e-8d1f-4e61-a1c7-dd2e24e028e1	beef1da8-6594-4827-b53e-8a85ec48e3b1	yok	\N	2026-07-05 15:48:45.968805+00
6b465945-dc1d-49c5-8901-2aa74ac9edfc	79dbd35e-8d1f-4e61-a1c7-dd2e24e028e1	c3baaade-7cc5-41f3-b4cb-dd5245755afb	yok	\N	2026-07-05 15:48:45.968805+00
cc8bf904-78bb-41f8-a075-4d1ad2f3ba06	79dbd35e-8d1f-4e61-a1c7-dd2e24e028e1	b9161443-7f02-4a2a-8471-f2bb361286bc	goruntule	\N	2026-07-05 15:48:45.968805+00
672b2cce-abc2-4294-bb7c-54f6e247692b	a9224ab8-5a6c-41b5-b0eb-5b59361ae214	791ad633-be27-4c54-b797-f105e9c9cd0d	kayit	\N	2026-07-19 16:57:08.481+00
b61abb88-a6d5-4e60-b11e-00e2559ba343	df59fd8d-3c17-448e-8767-d2f3c12ee345	791ad633-be27-4c54-b797-f105e9c9cd0d	kayit	\N	2026-07-19 16:57:05.22+00
6facb50b-b1f9-43ad-8deb-f9d15c127494	64ef2577-b42f-4ec2-a8fd-dd2a65565823	ade7c02f-4a2e-4a83-ac52-a1952d8cc582	kayit	\N	2026-07-19 16:58:02.88+00
0d8a536d-5820-419b-aaa3-245c65330426	79dbd35e-8d1f-4e61-a1c7-dd2e24e028e1	791ad633-be27-4c54-b797-f105e9c9cd0d	kayit	\N	2026-07-19 16:57:17.633+00
d5428e65-a296-40c4-bcdf-a7922e88b937	df59fd8d-3c17-448e-8767-d2f3c12ee345	ade7c02f-4a2e-4a83-ac52-a1952d8cc582	kayit	\N	2026-07-19 16:58:04.922+00
576b7203-9078-45b8-8e67-78fc14880f3d	79dbd35e-8d1f-4e61-a1c7-dd2e24e028e1	053f135f-ad66-4a0d-a6b1-fbbe87b57d38	kayit	\N	2026-07-05 15:48:45.968805+00
1335f0b6-f357-4e1a-bb50-b302abcceb78	79dbd35e-8d1f-4e61-a1c7-dd2e24e028e1	c1ed4cae-61a5-48f1-9394-671fe139d0cc	yok	\N	2026-07-05 15:48:45.968805+00
6b494f40-d87c-4190-a66e-d4a640431883	79dbd35e-8d1f-4e61-a1c7-dd2e24e028e1	6d1559ef-c3a8-4134-b860-8e429a65e3a2	kayit	\N	2026-07-05 15:48:45.968805+00
af9ee01d-a6b0-4318-b43c-ae6cbff8b44b	79dbd35e-8d1f-4e61-a1c7-dd2e24e028e1	f981db92-c17f-4160-adeb-4592ff20c780	goruntule	\N	2026-07-05 15:48:45.968805+00
02e850bb-6239-4224-af0e-9993e6a946a2	79dbd35e-8d1f-4e61-a1c7-dd2e24e028e1	57dd07de-2a72-416a-b3b7-5b8e1ad88a9c	goruntule	\N	2026-07-05 15:48:45.968805+00
406b2bb7-df4c-43f6-8020-9215e8c728ba	79dbd35e-8d1f-4e61-a1c7-dd2e24e028e1	c7aa0643-652c-4f55-b868-0b4647b6b2f3	yok	\N	2026-07-05 15:48:45.968805+00
d1bb2435-01da-46c1-b279-eca5ae39c695	79dbd35e-8d1f-4e61-a1c7-dd2e24e028e1	28f4a63e-8360-407e-8331-e907b064cb8a	yok	\N	2026-07-05 15:48:45.968805+00
a45db3a9-9807-4993-a317-6ca9507043e9	79dbd35e-8d1f-4e61-a1c7-dd2e24e028e1	6796b930-e374-4588-b096-539a88716e99	yok	\N	2026-07-05 15:48:45.968805+00
29dc44cc-5a5e-4a58-8a8d-34cdadca6aca	3638e005-e422-442f-a335-edc0a8fc3ff6	ed42f22f-03dc-4d32-b963-fa24d2104b36	yok	\N	2026-07-05 15:48:45.968805+00
0d1381bf-8227-4987-968b-6941788cbef3	3638e005-e422-442f-a335-edc0a8fc3ff6	1844c296-07ec-41f3-b7fe-24f7af3fafac	yok	\N	2026-07-05 15:48:45.968805+00
5e5233de-31aa-403f-8ef5-d194407ab39e	3638e005-e422-442f-a335-edc0a8fc3ff6	613ae0c2-fc74-412d-8b8a-8e428af2d1e1	goruntule	\N	2026-07-05 15:48:45.968805+00
146d2fae-c1ab-4211-a7c9-348696a8e00e	3638e005-e422-442f-a335-edc0a8fc3ff6	132d4696-4d17-470f-bdd4-7e3af21674d2	goruntule	\N	2026-07-05 15:48:45.968805+00
77cabbbe-55f9-4f1a-a24d-80269081a20e	3638e005-e422-442f-a335-edc0a8fc3ff6	056a55c9-bc64-4675-95c1-3b5649752fe7	tam	\N	2026-07-05 15:48:45.968805+00
7b5668f3-c468-4534-95f0-0773e39acd6a	3638e005-e422-442f-a335-edc0a8fc3ff6	b9161443-7f02-4a2a-8471-f2bb361286bc	tam	\N	2026-07-05 15:48:45.968805+00
591c87c5-cec0-4e26-bd7f-afda62dab869	3638e005-e422-442f-a335-edc0a8fc3ff6	6796b930-e374-4588-b096-539a88716e99	yok	\N	2026-07-05 15:48:45.968805+00
908cd341-814a-4e48-8a77-ed78eb5f6f1f	32580e5b-c175-46a2-b2b6-d9fdcdb9e601	ed42f22f-03dc-4d32-b963-fa24d2104b36	yok	\N	2026-07-05 15:48:45.968805+00
b384da78-2c5e-4d20-a961-fab3e8e3eb77	32580e5b-c175-46a2-b2b6-d9fdcdb9e601	1844c296-07ec-41f3-b7fe-24f7af3fafac	yok	\N	2026-07-05 15:48:45.968805+00
a59c310a-87d0-4a38-8dfa-6cb0bdd0759f	32580e5b-c175-46a2-b2b6-d9fdcdb9e601	613ae0c2-fc74-412d-8b8a-8e428af2d1e1	goruntule	\N	2026-07-05 15:48:45.968805+00
37978ab2-461e-4518-8f14-3135d5075dcf	32580e5b-c175-46a2-b2b6-d9fdcdb9e601	de87bd93-08c4-4a99-8623-cb83fa3c3128	kayit	\N	2026-07-05 15:48:45.968805+00
2551dcd4-2781-4c6f-bb27-35235cf03902	32580e5b-c175-46a2-b2b6-d9fdcdb9e601	791ad633-be27-4c54-b797-f105e9c9cd0d	yok	\N	2026-07-05 15:48:45.968805+00
f2175004-756a-43f4-aa53-9b827f6a4553	32580e5b-c175-46a2-b2b6-d9fdcdb9e601	ade7c02f-4a2e-4a83-ac52-a1952d8cc582	yok	\N	2026-07-05 15:48:45.968805+00
d4735d4a-61aa-4be7-9f08-f7ba6ea187ef	32580e5b-c175-46a2-b2b6-d9fdcdb9e601	1a02ef5b-133d-42a5-83b8-7fb4ae15d8ff	yok	\N	2026-07-05 15:48:45.968805+00
3a7139b7-6fe4-4fd0-b427-3248a133beb8	32580e5b-c175-46a2-b2b6-d9fdcdb9e601	132d4696-4d17-470f-bdd4-7e3af21674d2	goruntule	\N	2026-07-05 15:48:45.968805+00
5d1015be-7328-46b3-a666-54f9e734adb3	32580e5b-c175-46a2-b2b6-d9fdcdb9e601	056a55c9-bc64-4675-95c1-3b5649752fe7	kayit	\N	2026-07-05 15:48:45.968805+00
df5f9ec5-4a93-4483-88cd-f2f7f7012235	32580e5b-c175-46a2-b2b6-d9fdcdb9e601	273cdec9-7747-48eb-812d-e606a862f013	yok	\N	2026-07-05 15:48:45.968805+00
8c76399a-e004-46e6-8ed2-eca57c9d4f79	32580e5b-c175-46a2-b2b6-d9fdcdb9e601	9adcaab9-d0c6-4b7e-8fc6-1a80ca75617f	yok	\N	2026-07-05 15:48:45.968805+00
65d345a6-fad5-4036-ad19-ed1dabb2f953	32580e5b-c175-46a2-b2b6-d9fdcdb9e601	ed98fc61-9899-4630-a4c8-8311707bc291	yok	\N	2026-07-05 15:48:45.968805+00
1df7a9ad-a566-411f-927c-1d55b0d588c3	32580e5b-c175-46a2-b2b6-d9fdcdb9e601	beef1da8-6594-4827-b53e-8a85ec48e3b1	yok	\N	2026-07-05 15:48:45.968805+00
3f0c57cf-2ada-490b-8240-d3b943f37228	32580e5b-c175-46a2-b2b6-d9fdcdb9e601	c3baaade-7cc5-41f3-b4cb-dd5245755afb	yok	\N	2026-07-05 15:48:45.968805+00
39092e26-1013-40fa-804c-4e788b7b1eca	32580e5b-c175-46a2-b2b6-d9fdcdb9e601	b9161443-7f02-4a2a-8471-f2bb361286bc	goruntule	\N	2026-07-05 15:48:45.968805+00
64bb4b34-494e-4464-8d1a-8ae312c6ebd4	32580e5b-c175-46a2-b2b6-d9fdcdb9e601	053f135f-ad66-4a0d-a6b1-fbbe87b57d38	yok	\N	2026-07-05 15:48:45.968805+00
23235692-6df5-4296-b2f7-b29c7efbb65f	32580e5b-c175-46a2-b2b6-d9fdcdb9e601	c1ed4cae-61a5-48f1-9394-671fe139d0cc	yok	\N	2026-07-05 15:48:45.968805+00
80486841-b404-4cde-90ea-0f0f1d92a3fd	32580e5b-c175-46a2-b2b6-d9fdcdb9e601	6d1559ef-c3a8-4134-b860-8e429a65e3a2	yok	\N	2026-07-05 15:48:45.968805+00
ecce216b-6c88-4be1-86da-662c9932ce73	32580e5b-c175-46a2-b2b6-d9fdcdb9e601	f981db92-c17f-4160-adeb-4592ff20c780	yok	\N	2026-07-05 15:48:45.968805+00
b6f692e2-fc1b-4004-b31e-77ae298bf42c	32580e5b-c175-46a2-b2b6-d9fdcdb9e601	57dd07de-2a72-416a-b3b7-5b8e1ad88a9c	goruntule	\N	2026-07-05 15:48:45.968805+00
13b61d66-ecfe-4b3a-80b8-74ccdb5e320f	32580e5b-c175-46a2-b2b6-d9fdcdb9e601	c7aa0643-652c-4f55-b868-0b4647b6b2f3	yok	\N	2026-07-05 15:48:45.968805+00
3e7bc284-0585-455b-881e-d121afb30559	32580e5b-c175-46a2-b2b6-d9fdcdb9e601	28f4a63e-8360-407e-8331-e907b064cb8a	yok	\N	2026-07-05 15:48:45.968805+00
ad079a7b-d20c-4369-8bcd-5b391b8f489e	32580e5b-c175-46a2-b2b6-d9fdcdb9e601	6796b930-e374-4588-b096-539a88716e99	yok	\N	2026-07-05 15:48:45.968805+00
937db897-0ab1-42f0-b5af-d699bc30ecda	9b6b01eb-437f-4440-b0b8-a8f9101ed0ea	ed42f22f-03dc-4d32-b963-fa24d2104b36	yok	\N	2026-07-05 15:48:45.968805+00
d366b8fa-3b9c-44e7-b979-f044f1d683db	9b6b01eb-437f-4440-b0b8-a8f9101ed0ea	1844c296-07ec-41f3-b7fe-24f7af3fafac	yok	\N	2026-07-05 15:48:45.968805+00
7c25c165-8f46-4e59-8242-f1e9ea864e48	9b6b01eb-437f-4440-b0b8-a8f9101ed0ea	613ae0c2-fc74-412d-8b8a-8e428af2d1e1	yok	\N	2026-07-05 15:48:45.968805+00
a1407fe6-2318-4d0b-8c1f-409a691f9806	9b6b01eb-437f-4440-b0b8-a8f9101ed0ea	de87bd93-08c4-4a99-8623-cb83fa3c3128	goruntule	\N	2026-07-05 15:48:45.968805+00
9c19d1ed-c2ad-49cb-98c6-67e8b8134147	9b6b01eb-437f-4440-b0b8-a8f9101ed0ea	ade7c02f-4a2e-4a83-ac52-a1952d8cc582	tam	\N	2026-07-05 15:48:45.968805+00
32d7c807-ff46-47bb-b248-8147e5f8350e	9b6b01eb-437f-4440-b0b8-a8f9101ed0ea	1a02ef5b-133d-42a5-83b8-7fb4ae15d8ff	tam	\N	2026-07-05 15:48:45.968805+00
faa19193-b863-4b63-8911-1b5837d48a08	9b6b01eb-437f-4440-b0b8-a8f9101ed0ea	132d4696-4d17-470f-bdd4-7e3af21674d2	tam	\N	2026-07-05 15:48:45.968805+00
e01c6bde-ca9a-42c7-912b-8d0c752f0e7e	9b6b01eb-437f-4440-b0b8-a8f9101ed0ea	056a55c9-bc64-4675-95c1-3b5649752fe7	tam	\N	2026-07-05 15:48:45.968805+00
355fefb5-6660-4135-ab70-af1b9431d7e5	9b6b01eb-437f-4440-b0b8-a8f9101ed0ea	273cdec9-7747-48eb-812d-e606a862f013	yok	\N	2026-07-05 15:48:45.968805+00
6352c127-440d-453c-8885-b923ada82d8c	9b6b01eb-437f-4440-b0b8-a8f9101ed0ea	9adcaab9-d0c6-4b7e-8fc6-1a80ca75617f	goruntule	\N	2026-07-05 15:48:45.968805+00
1c0041f9-5d47-4a3e-a1a8-de058ba9121b	9b6b01eb-437f-4440-b0b8-a8f9101ed0ea	ed98fc61-9899-4630-a4c8-8311707bc291	yok	\N	2026-07-05 15:48:45.968805+00
23b91ddf-bd7f-48c2-b80a-1fcb5e74f470	9b6b01eb-437f-4440-b0b8-a8f9101ed0ea	beef1da8-6594-4827-b53e-8a85ec48e3b1	yok	\N	2026-07-05 15:48:45.968805+00
a727d1af-385d-4bba-ba25-d6cfa3eeb67c	9b6b01eb-437f-4440-b0b8-a8f9101ed0ea	c3baaade-7cc5-41f3-b4cb-dd5245755afb	yok	\N	2026-07-05 15:48:45.968805+00
8e31062c-f29e-4f49-a0c2-f07a8d4fd862	9b6b01eb-437f-4440-b0b8-a8f9101ed0ea	b9161443-7f02-4a2a-8471-f2bb361286bc	yok	\N	2026-07-05 15:48:45.968805+00
2d276a71-ac91-42f6-97da-bdc6261e6ab4	9b6b01eb-437f-4440-b0b8-a8f9101ed0ea	053f135f-ad66-4a0d-a6b1-fbbe87b57d38	yok	\N	2026-07-05 15:48:45.968805+00
28c33e6e-4396-417b-b798-928162e04b68	9b6b01eb-437f-4440-b0b8-a8f9101ed0ea	c1ed4cae-61a5-48f1-9394-671fe139d0cc	yok	\N	2026-07-05 15:48:45.968805+00
5f5d22f4-af83-4090-b64d-95b2787d24c9	9b6b01eb-437f-4440-b0b8-a8f9101ed0ea	6d1559ef-c3a8-4134-b860-8e429a65e3a2	yok	\N	2026-07-05 15:48:45.968805+00
b8243751-dd6c-459c-817c-9cb55cd2d586	9b6b01eb-437f-4440-b0b8-a8f9101ed0ea	f981db92-c17f-4160-adeb-4592ff20c780	yok	\N	2026-07-05 15:48:45.968805+00
37e50ee3-0852-4017-81e6-baf9d4350c5f	9b6b01eb-437f-4440-b0b8-a8f9101ed0ea	57dd07de-2a72-416a-b3b7-5b8e1ad88a9c	yok	\N	2026-07-05 15:48:45.968805+00
37cf4ae3-5070-4440-af5a-bd62097c1192	9b6b01eb-437f-4440-b0b8-a8f9101ed0ea	c7aa0643-652c-4f55-b868-0b4647b6b2f3	yok	\N	2026-07-05 15:48:45.968805+00
86a7028c-64e9-4a38-b3bd-13f30e506a3c	9b6b01eb-437f-4440-b0b8-a8f9101ed0ea	28f4a63e-8360-407e-8331-e907b064cb8a	yok	\N	2026-07-05 15:48:45.968805+00
89bcc08f-e3b0-43ef-83db-051e16bb8c6a	9b6b01eb-437f-4440-b0b8-a8f9101ed0ea	6796b930-e374-4588-b096-539a88716e99	yok	\N	2026-07-05 15:48:45.968805+00
c4fcc0eb-5a21-4476-b109-5b8599eea4fb	7659caaf-9253-4cf5-a036-256ee60cb51c	ed42f22f-03dc-4d32-b963-fa24d2104b36	yok	\N	2026-07-05 15:48:45.968805+00
7fa24e58-1708-47a7-9cab-7a7f25c3dd61	7659caaf-9253-4cf5-a036-256ee60cb51c	1844c296-07ec-41f3-b7fe-24f7af3fafac	yok	\N	2026-07-05 15:48:45.968805+00
e332317a-f8fd-4f53-bba7-ba15b0a5e0c0	7659caaf-9253-4cf5-a036-256ee60cb51c	613ae0c2-fc74-412d-8b8a-8e428af2d1e1	yok	\N	2026-07-05 15:48:45.968805+00
f0fb5e9a-9303-49b1-bc44-a5bfae97e50a	7659caaf-9253-4cf5-a036-256ee60cb51c	791ad633-be27-4c54-b797-f105e9c9cd0d	goruntule	\N	2026-07-05 15:48:45.968805+00
e4d9e018-abb7-4d22-8928-dfc15495930f	7659caaf-9253-4cf5-a036-256ee60cb51c	ade7c02f-4a2e-4a83-ac52-a1952d8cc582	kayit	\N	2026-07-05 15:48:45.968805+00
b4538a10-0551-47bd-a600-e4622e7c46d2	7659caaf-9253-4cf5-a036-256ee60cb51c	1a02ef5b-133d-42a5-83b8-7fb4ae15d8ff	kayit	\N	2026-07-05 15:48:45.968805+00
8fa7ecd7-c7f0-4f45-9277-503c147fe071	7659caaf-9253-4cf5-a036-256ee60cb51c	132d4696-4d17-470f-bdd4-7e3af21674d2	kayit	\N	2026-07-05 15:48:45.968805+00
164db9e5-26cc-4e52-a4d4-198a656380b6	7659caaf-9253-4cf5-a036-256ee60cb51c	056a55c9-bc64-4675-95c1-3b5649752fe7	kayit	\N	2026-07-05 15:48:45.968805+00
1e0baf72-ac0d-4879-bd47-e5781063ae22	7659caaf-9253-4cf5-a036-256ee60cb51c	273cdec9-7747-48eb-812d-e606a862f013	yok	\N	2026-07-05 15:48:45.968805+00
42d5dea2-1a7b-45a8-921e-ae42eb63ec9b	7659caaf-9253-4cf5-a036-256ee60cb51c	9adcaab9-d0c6-4b7e-8fc6-1a80ca75617f	yok	\N	2026-07-05 15:48:45.968805+00
299dee43-e615-416c-87ab-08ec5aacba6c	3638e005-e422-442f-a335-edc0a8fc3ff6	ed98fc61-9899-4630-a4c8-8311707bc291	tam	\N	2026-07-15 09:02:14.963+00
209bab4e-a21f-4d79-ab0d-9b651a0788f6	3638e005-e422-442f-a335-edc0a8fc3ff6	de87bd93-08c4-4a99-8623-cb83fa3c3128	tam	\N	2026-07-15 09:01:48.91+00
33149408-6c56-477f-a848-47ce2a760aff	3638e005-e422-442f-a335-edc0a8fc3ff6	c1ed4cae-61a5-48f1-9394-671fe139d0cc	tam	\N	2026-07-15 09:02:22.637+00
24b6dda3-763e-45bc-a93f-38954293f145	3638e005-e422-442f-a335-edc0a8fc3ff6	9adcaab9-d0c6-4b7e-8fc6-1a80ca75617f	tam	\N	2026-07-15 09:02:05.158+00
ceb75e8d-0c93-4939-8123-1a6b425292c6	3638e005-e422-442f-a335-edc0a8fc3ff6	273cdec9-7747-48eb-812d-e606a862f013	tam	\N	2026-07-15 09:02:04.781+00
092f730b-33b2-49ac-8259-8cc37f720218	3638e005-e422-442f-a335-edc0a8fc3ff6	beef1da8-6594-4827-b53e-8a85ec48e3b1	tam	\N	2026-07-15 09:02:16.727+00
f9d4b3a7-513d-4b9f-8af6-2b2276d2efdd	3638e005-e422-442f-a335-edc0a8fc3ff6	c3baaade-7cc5-41f3-b4cb-dd5245755afb	tam	\N	2026-07-15 09:02:18.437+00
78b154d9-8fec-448a-ba47-f970fdd4d4e2	3638e005-e422-442f-a335-edc0a8fc3ff6	053f135f-ad66-4a0d-a6b1-fbbe87b57d38	tam	\N	2026-07-15 09:02:21.009+00
07e6076e-cbb5-4ada-a1ec-169876124803	3638e005-e422-442f-a335-edc0a8fc3ff6	f981db92-c17f-4160-adeb-4592ff20c780	tam	\N	2026-07-15 09:02:26.073+00
d9142307-8c2f-425e-9c05-f20c51a94d4c	3638e005-e422-442f-a335-edc0a8fc3ff6	6d1559ef-c3a8-4134-b860-8e429a65e3a2	tam	\N	2026-07-15 09:02:24.573+00
c34697c1-1855-481e-a25a-3656a8188b13	3638e005-e422-442f-a335-edc0a8fc3ff6	ade7c02f-4a2e-4a83-ac52-a1952d8cc582	tam	\N	2026-07-16 20:37:21.835+00
d8d971ba-ad45-4242-8d66-903099760231	3638e005-e422-442f-a335-edc0a8fc3ff6	57dd07de-2a72-416a-b3b7-5b8e1ad88a9c	tam	\N	2026-07-15 09:02:27.383+00
c5372416-20ce-4ee6-975c-1ce79be578b6	3638e005-e422-442f-a335-edc0a8fc3ff6	c7aa0643-652c-4f55-b868-0b4647b6b2f3	tam	\N	2026-07-15 09:02:28.759+00
496d2de1-95b7-4aee-875a-b1f71eb81c0c	3638e005-e422-442f-a335-edc0a8fc3ff6	28f4a63e-8360-407e-8331-e907b064cb8a	tam	\N	2026-07-15 09:02:31.315+00
29582660-46d8-4afd-8bef-cb1c7a04d601	3638e005-e422-442f-a335-edc0a8fc3ff6	1a02ef5b-133d-42a5-83b8-7fb4ae15d8ff	kayit	\N	2026-07-16 20:37:25.826+00
d83dfd1f-0a8d-4ed2-b0a8-c9a3c02a9ba0	7659caaf-9253-4cf5-a036-256ee60cb51c	de87bd93-08c4-4a99-8623-cb83fa3c3128	goruntule	\N	2026-07-05 15:48:45.968805+00
24aeebd9-f68f-4077-8f88-50fb06abc725	9b6b01eb-437f-4440-b0b8-a8f9101ed0ea	791ad633-be27-4c54-b797-f105e9c9cd0d	kayit	\N	2026-07-19 16:56:51.098+00
6f72726e-8fcf-4bf8-835d-d6721b1dce53	7659caaf-9253-4cf5-a036-256ee60cb51c	ed98fc61-9899-4630-a4c8-8311707bc291	yok	\N	2026-07-05 15:48:45.968805+00
e1a4f051-53a6-4422-a831-f087448e0b18	7659caaf-9253-4cf5-a036-256ee60cb51c	beef1da8-6594-4827-b53e-8a85ec48e3b1	yok	\N	2026-07-05 15:48:45.968805+00
1ea63790-6524-4687-9ab7-29daa8f6dc5a	7659caaf-9253-4cf5-a036-256ee60cb51c	c3baaade-7cc5-41f3-b4cb-dd5245755afb	yok	\N	2026-07-05 15:48:45.968805+00
43ff0c06-a572-4c1e-b726-c0851461df8c	7659caaf-9253-4cf5-a036-256ee60cb51c	b9161443-7f02-4a2a-8471-f2bb361286bc	yok	\N	2026-07-05 15:48:45.968805+00
8408f30a-be6e-443e-a076-39efeb5b7ee5	7659caaf-9253-4cf5-a036-256ee60cb51c	053f135f-ad66-4a0d-a6b1-fbbe87b57d38	yok	\N	2026-07-05 15:48:45.968805+00
caa7254c-aefe-4d1c-93ec-5160b9154ad0	7659caaf-9253-4cf5-a036-256ee60cb51c	c1ed4cae-61a5-48f1-9394-671fe139d0cc	yok	\N	2026-07-05 15:48:45.968805+00
3f84264f-19c5-4acc-80a2-2f5e89aec43f	7659caaf-9253-4cf5-a036-256ee60cb51c	6d1559ef-c3a8-4134-b860-8e429a65e3a2	yok	\N	2026-07-05 15:48:45.968805+00
8757068a-16ca-4ec1-81cd-f13ddecd80ed	7659caaf-9253-4cf5-a036-256ee60cb51c	f981db92-c17f-4160-adeb-4592ff20c780	yok	\N	2026-07-05 15:48:45.968805+00
ff143117-2498-4d74-b2c1-5717e487e44a	7659caaf-9253-4cf5-a036-256ee60cb51c	57dd07de-2a72-416a-b3b7-5b8e1ad88a9c	yok	\N	2026-07-05 15:48:45.968805+00
5a772669-5c03-4a61-ad56-06fb324a38e5	7659caaf-9253-4cf5-a036-256ee60cb51c	c7aa0643-652c-4f55-b868-0b4647b6b2f3	yok	\N	2026-07-05 15:48:45.968805+00
06411b96-187d-4fa9-b76a-7acf775c1825	7659caaf-9253-4cf5-a036-256ee60cb51c	28f4a63e-8360-407e-8331-e907b064cb8a	yok	\N	2026-07-05 15:48:45.968805+00
a4e967f5-2d9d-45f9-97b5-2956904744da	7659caaf-9253-4cf5-a036-256ee60cb51c	6796b930-e374-4588-b096-539a88716e99	yok	\N	2026-07-05 15:48:45.968805+00
b641de5f-16ea-4692-80d5-e9606a6f4946	3a8acfc3-a7b1-42cb-b567-e7f23d02a096	ed42f22f-03dc-4d32-b963-fa24d2104b36	tam	\N	2026-07-05 15:48:45.968805+00
d80c393f-7a7c-43e7-a6bd-466a2034a50c	3a8acfc3-a7b1-42cb-b567-e7f23d02a096	1844c296-07ec-41f3-b7fe-24f7af3fafac	tam	\N	2026-07-05 15:48:45.968805+00
d2e2504e-6894-4831-b9ef-564844422b4d	3a8acfc3-a7b1-42cb-b567-e7f23d02a096	613ae0c2-fc74-412d-8b8a-8e428af2d1e1	tam	\N	2026-07-05 15:48:45.968805+00
2c0a55f3-f240-4dd1-bbe0-c0baa77a603b	3a8acfc3-a7b1-42cb-b567-e7f23d02a096	de87bd93-08c4-4a99-8623-cb83fa3c3128	tam	\N	2026-07-05 15:48:45.968805+00
9090ac9b-9ab1-4617-881a-4ad81ab84982	3a8acfc3-a7b1-42cb-b567-e7f23d02a096	791ad633-be27-4c54-b797-f105e9c9cd0d	tam	\N	2026-07-05 15:48:45.968805+00
bb6824ff-0e9c-4562-8044-e01916c209cc	3a8acfc3-a7b1-42cb-b567-e7f23d02a096	ade7c02f-4a2e-4a83-ac52-a1952d8cc582	kayit	\N	2026-07-05 15:48:45.968805+00
c15c8284-49fb-47fb-afbd-a8085a6446fc	3a8acfc3-a7b1-42cb-b567-e7f23d02a096	1a02ef5b-133d-42a5-83b8-7fb4ae15d8ff	yok	\N	2026-07-05 15:48:45.968805+00
103654d1-cc7b-47fc-924f-0c31eab4019a	3a8acfc3-a7b1-42cb-b567-e7f23d02a096	132d4696-4d17-470f-bdd4-7e3af21674d2	goruntule	\N	2026-07-05 15:48:45.968805+00
933921c0-8ba4-4347-a699-7bfb60dfe948	3a8acfc3-a7b1-42cb-b567-e7f23d02a096	056a55c9-bc64-4675-95c1-3b5649752fe7	yok	\N	2026-07-05 15:48:45.968805+00
d84cbeec-46dd-4d3c-aeca-e3c2fc9cf01e	3a8acfc3-a7b1-42cb-b567-e7f23d02a096	273cdec9-7747-48eb-812d-e606a862f013	yok	\N	2026-07-05 15:48:45.968805+00
7b010ada-ed47-438f-bbd8-64bd31f596d9	3a8acfc3-a7b1-42cb-b567-e7f23d02a096	9adcaab9-d0c6-4b7e-8fc6-1a80ca75617f	yok	\N	2026-07-05 15:48:45.968805+00
44c3f1f5-698a-4cb2-b413-ada1a8f48240	3a8acfc3-a7b1-42cb-b567-e7f23d02a096	ed98fc61-9899-4630-a4c8-8311707bc291	yok	\N	2026-07-05 15:48:45.968805+00
09921194-b1c8-4bce-bd80-7ff78645a033	3a8acfc3-a7b1-42cb-b567-e7f23d02a096	beef1da8-6594-4827-b53e-8a85ec48e3b1	yok	\N	2026-07-05 15:48:45.968805+00
8ee7828c-4a11-4a96-b3f4-8dd017d93345	3a8acfc3-a7b1-42cb-b567-e7f23d02a096	c3baaade-7cc5-41f3-b4cb-dd5245755afb	yok	\N	2026-07-05 15:48:45.968805+00
79dbd184-11f6-4168-adff-b16a395eba47	3a8acfc3-a7b1-42cb-b567-e7f23d02a096	b9161443-7f02-4a2a-8471-f2bb361286bc	yok	\N	2026-07-05 15:48:45.968805+00
16d91c96-7687-4c68-9ab2-ec4238b29ce9	3a8acfc3-a7b1-42cb-b567-e7f23d02a096	053f135f-ad66-4a0d-a6b1-fbbe87b57d38	yok	\N	2026-07-05 15:48:45.968805+00
12929b26-7f7e-415a-ad2d-e4ac5308dccd	3a8acfc3-a7b1-42cb-b567-e7f23d02a096	c1ed4cae-61a5-48f1-9394-671fe139d0cc	yok	\N	2026-07-05 15:48:45.968805+00
96dc2e1e-2531-402d-a8d1-00f861a5cfd7	3a8acfc3-a7b1-42cb-b567-e7f23d02a096	6d1559ef-c3a8-4134-b860-8e429a65e3a2	yok	\N	2026-07-05 15:48:45.968805+00
51590b2e-9bc9-4fd5-bf7b-5292b1cebac4	3a8acfc3-a7b1-42cb-b567-e7f23d02a096	f981db92-c17f-4160-adeb-4592ff20c780	yok	\N	2026-07-05 15:48:45.968805+00
4fd1d113-29cd-4488-b2a4-b4f318f820bd	3a8acfc3-a7b1-42cb-b567-e7f23d02a096	57dd07de-2a72-416a-b3b7-5b8e1ad88a9c	yok	\N	2026-07-05 15:48:45.968805+00
c75fbaca-4cde-4226-af8a-f984cc6f34d5	3a8acfc3-a7b1-42cb-b567-e7f23d02a096	c7aa0643-652c-4f55-b868-0b4647b6b2f3	yok	\N	2026-07-05 15:48:45.968805+00
97d5b080-fb38-4c5b-a2dd-9a3c52cfacba	3a8acfc3-a7b1-42cb-b567-e7f23d02a096	28f4a63e-8360-407e-8331-e907b064cb8a	yok	\N	2026-07-05 15:48:45.968805+00
92165a1b-ac04-48eb-a62c-2ec655720dcf	3a8acfc3-a7b1-42cb-b567-e7f23d02a096	6796b930-e374-4588-b096-539a88716e99	yok	\N	2026-07-05 15:48:45.968805+00
32897593-811e-404c-9b71-64c9ca4bfc59	13f231a5-b61e-4f58-9150-a2feee3cf15b	ed42f22f-03dc-4d32-b963-fa24d2104b36	kayit	\N	2026-07-05 15:48:45.968805+00
3fed4439-89a8-4152-9164-21658aee9ccb	13f231a5-b61e-4f58-9150-a2feee3cf15b	1844c296-07ec-41f3-b7fe-24f7af3fafac	yok	\N	2026-07-05 15:48:45.968805+00
cf6a931c-4b5e-4cc4-b634-ac707b633135	13f231a5-b61e-4f58-9150-a2feee3cf15b	613ae0c2-fc74-412d-8b8a-8e428af2d1e1	kayit	\N	2026-07-05 15:48:45.968805+00
d4c0d0d6-617f-48d4-a962-aadb9ff1f39c	13f231a5-b61e-4f58-9150-a2feee3cf15b	de87bd93-08c4-4a99-8623-cb83fa3c3128	kayit	\N	2026-07-05 15:48:45.968805+00
1cd8efed-9066-4c90-973c-697c3304e7aa	13f231a5-b61e-4f58-9150-a2feee3cf15b	791ad633-be27-4c54-b797-f105e9c9cd0d	kayit	\N	2026-07-05 15:48:45.968805+00
5d42f2bc-c581-4c4c-b81d-4e7a2fd537c2	13f231a5-b61e-4f58-9150-a2feee3cf15b	ade7c02f-4a2e-4a83-ac52-a1952d8cc582	yok	\N	2026-07-05 15:48:45.968805+00
04202e63-2f80-425e-81cd-f92f5e71780e	13f231a5-b61e-4f58-9150-a2feee3cf15b	1a02ef5b-133d-42a5-83b8-7fb4ae15d8ff	yok	\N	2026-07-05 15:48:45.968805+00
78b5612b-9ce0-43bc-8f73-436a846ba33f	13f231a5-b61e-4f58-9150-a2feee3cf15b	132d4696-4d17-470f-bdd4-7e3af21674d2	yok	\N	2026-07-05 15:48:45.968805+00
66b693eb-2ff8-44f7-a6e1-ee092524dc1f	13f231a5-b61e-4f58-9150-a2feee3cf15b	056a55c9-bc64-4675-95c1-3b5649752fe7	yok	\N	2026-07-05 15:48:45.968805+00
be8bd83f-3214-42c8-ae88-27dcb8b3fef3	13f231a5-b61e-4f58-9150-a2feee3cf15b	273cdec9-7747-48eb-812d-e606a862f013	yok	\N	2026-07-05 15:48:45.968805+00
0e256b2c-4817-4015-9b7f-7a44fc754de7	13f231a5-b61e-4f58-9150-a2feee3cf15b	9adcaab9-d0c6-4b7e-8fc6-1a80ca75617f	yok	\N	2026-07-05 15:48:45.968805+00
dfb46ff8-fdd8-4105-aee2-20d4b484d510	13f231a5-b61e-4f58-9150-a2feee3cf15b	ed98fc61-9899-4630-a4c8-8311707bc291	yok	\N	2026-07-05 15:48:45.968805+00
e19f6c78-b69d-44f1-92e3-6b8f1887737f	13f231a5-b61e-4f58-9150-a2feee3cf15b	beef1da8-6594-4827-b53e-8a85ec48e3b1	yok	\N	2026-07-05 15:48:45.968805+00
c05d7772-91c8-4e25-89a6-aaaba6d62e6a	13f231a5-b61e-4f58-9150-a2feee3cf15b	c3baaade-7cc5-41f3-b4cb-dd5245755afb	yok	\N	2026-07-05 15:48:45.968805+00
8a32fc62-d67d-4827-b4b2-813970f5f845	13f231a5-b61e-4f58-9150-a2feee3cf15b	b9161443-7f02-4a2a-8471-f2bb361286bc	yok	\N	2026-07-05 15:48:45.968805+00
ebf3b02c-573f-4b48-be5c-6ae11c5519e7	13f231a5-b61e-4f58-9150-a2feee3cf15b	053f135f-ad66-4a0d-a6b1-fbbe87b57d38	yok	\N	2026-07-05 15:48:45.968805+00
503c975c-c0f1-47b6-9dd0-652755200f05	13f231a5-b61e-4f58-9150-a2feee3cf15b	c1ed4cae-61a5-48f1-9394-671fe139d0cc	yok	\N	2026-07-05 15:48:45.968805+00
ce771c26-3711-4188-a702-395170927ba1	13f231a5-b61e-4f58-9150-a2feee3cf15b	6d1559ef-c3a8-4134-b860-8e429a65e3a2	yok	\N	2026-07-05 15:48:45.968805+00
ce4ca6e6-82ab-4f31-a927-706de9a5f6f8	13f231a5-b61e-4f58-9150-a2feee3cf15b	f981db92-c17f-4160-adeb-4592ff20c780	yok	\N	2026-07-05 15:48:45.968805+00
d46d4231-cdff-44ca-9406-45dc8b529ace	13f231a5-b61e-4f58-9150-a2feee3cf15b	57dd07de-2a72-416a-b3b7-5b8e1ad88a9c	yok	\N	2026-07-05 15:48:45.968805+00
fe598d39-a366-447e-bba4-3eadc6c9f0d0	13f231a5-b61e-4f58-9150-a2feee3cf15b	c7aa0643-652c-4f55-b868-0b4647b6b2f3	yok	\N	2026-07-05 15:48:45.968805+00
ec2a78a2-52d4-40dd-a2d2-b7a74c4876ee	13f231a5-b61e-4f58-9150-a2feee3cf15b	28f4a63e-8360-407e-8331-e907b064cb8a	yok	\N	2026-07-05 15:48:45.968805+00
ebf1bf73-342d-40b3-8a56-170d3d8815fe	13f231a5-b61e-4f58-9150-a2feee3cf15b	6796b930-e374-4588-b096-539a88716e99	yok	\N	2026-07-05 15:48:45.968805+00
eebd309e-df57-44c2-b755-77e447a91fe0	77a48bc8-96f9-4a15-9196-65b0e04304ae	ed42f22f-03dc-4d32-b963-fa24d2104b36	goruntule	\N	2026-07-05 15:48:45.968805+00
8025825a-aa85-4736-afc9-8b096ef6d825	77a48bc8-96f9-4a15-9196-65b0e04304ae	1844c296-07ec-41f3-b7fe-24f7af3fafac	goruntule	\N	2026-07-05 15:48:45.968805+00
ff5449bb-2691-4d05-8042-3e3639b1ddee	77a48bc8-96f9-4a15-9196-65b0e04304ae	613ae0c2-fc74-412d-8b8a-8e428af2d1e1	goruntule	\N	2026-07-05 15:48:45.968805+00
f36ac734-7fd7-4b9d-afd6-5d4415b81f5e	77a48bc8-96f9-4a15-9196-65b0e04304ae	de87bd93-08c4-4a99-8623-cb83fa3c3128	goruntule	\N	2026-07-05 15:48:45.968805+00
79f5aad6-450c-40d4-b384-8946c2547a84	77a48bc8-96f9-4a15-9196-65b0e04304ae	ade7c02f-4a2e-4a83-ac52-a1952d8cc582	yok	\N	2026-07-05 15:48:45.968805+00
fdff3dd7-962e-473b-8f81-f5093d69ea43	77a48bc8-96f9-4a15-9196-65b0e04304ae	1a02ef5b-133d-42a5-83b8-7fb4ae15d8ff	yok	\N	2026-07-05 15:48:45.968805+00
07bfb019-1eef-44d1-b0cd-d51091244fa7	77a48bc8-96f9-4a15-9196-65b0e04304ae	132d4696-4d17-470f-bdd4-7e3af21674d2	yok	\N	2026-07-05 15:48:45.968805+00
e83a50b0-8881-414f-a812-2bf5aa52cedb	77a48bc8-96f9-4a15-9196-65b0e04304ae	056a55c9-bc64-4675-95c1-3b5649752fe7	yok	\N	2026-07-05 15:48:45.968805+00
a488daaf-6f2a-4c16-9abe-bb97e494ec1d	77a48bc8-96f9-4a15-9196-65b0e04304ae	273cdec9-7747-48eb-812d-e606a862f013	yok	\N	2026-07-05 15:48:45.968805+00
6cb726b4-7250-46a5-9787-5537e45d02a8	77a48bc8-96f9-4a15-9196-65b0e04304ae	9adcaab9-d0c6-4b7e-8fc6-1a80ca75617f	yok	\N	2026-07-05 15:48:45.968805+00
1111976f-453e-4953-990f-3fb5c976c9b8	77a48bc8-96f9-4a15-9196-65b0e04304ae	ed98fc61-9899-4630-a4c8-8311707bc291	yok	\N	2026-07-05 15:48:45.968805+00
267a53d0-3477-4219-bef8-b81da2e453bb	77a48bc8-96f9-4a15-9196-65b0e04304ae	beef1da8-6594-4827-b53e-8a85ec48e3b1	yok	\N	2026-07-05 15:48:45.968805+00
7b80c794-6fc0-4bd4-a83d-f98f42cec65d	77a48bc8-96f9-4a15-9196-65b0e04304ae	c3baaade-7cc5-41f3-b4cb-dd5245755afb	yok	\N	2026-07-05 15:48:45.968805+00
b2b3ed70-6e3a-4cb5-997f-91e53a7af80c	77a48bc8-96f9-4a15-9196-65b0e04304ae	b9161443-7f02-4a2a-8471-f2bb361286bc	yok	\N	2026-07-05 15:48:45.968805+00
39407e2f-bf0b-419e-a1dd-d165639bf2c2	77a48bc8-96f9-4a15-9196-65b0e04304ae	053f135f-ad66-4a0d-a6b1-fbbe87b57d38	yok	\N	2026-07-05 15:48:45.968805+00
82f4bca8-b230-4132-bb7e-d31448d764a4	77a48bc8-96f9-4a15-9196-65b0e04304ae	c1ed4cae-61a5-48f1-9394-671fe139d0cc	yok	\N	2026-07-05 15:48:45.968805+00
b05d863c-f60c-4d45-820f-2caf7a96ca16	77a48bc8-96f9-4a15-9196-65b0e04304ae	6d1559ef-c3a8-4134-b860-8e429a65e3a2	yok	\N	2026-07-05 15:48:45.968805+00
f8954a31-0686-4527-8420-ee857e31d157	77a48bc8-96f9-4a15-9196-65b0e04304ae	f981db92-c17f-4160-adeb-4592ff20c780	yok	\N	2026-07-05 15:48:45.968805+00
f5ba5c1c-577d-4f5d-940b-b30f4d447e79	77a48bc8-96f9-4a15-9196-65b0e04304ae	57dd07de-2a72-416a-b3b7-5b8e1ad88a9c	yok	\N	2026-07-05 15:48:45.968805+00
5efd7b17-1bba-41f4-bc68-d0a8144626d9	77a48bc8-96f9-4a15-9196-65b0e04304ae	c7aa0643-652c-4f55-b868-0b4647b6b2f3	yok	\N	2026-07-05 15:48:45.968805+00
0b068e3e-255b-49e5-a8f7-b6e529e3ad7d	77a48bc8-96f9-4a15-9196-65b0e04304ae	28f4a63e-8360-407e-8331-e907b064cb8a	yok	\N	2026-07-05 15:48:45.968805+00
73f1da4e-6743-4942-bed0-0c45ee0a0938	77a48bc8-96f9-4a15-9196-65b0e04304ae	6796b930-e374-4588-b096-539a88716e99	yok	\N	2026-07-05 15:48:45.968805+00
92d774d1-cad7-4c1e-802f-e9946d57f8e4	42022567-ab08-497d-adf1-8ab3996fd3a8	ed42f22f-03dc-4d32-b963-fa24d2104b36	yok	\N	2026-07-05 15:48:45.968805+00
6d284346-8233-486f-9f69-7baadc6f1434	42022567-ab08-497d-adf1-8ab3996fd3a8	1844c296-07ec-41f3-b7fe-24f7af3fafac	yok	\N	2026-07-05 15:48:45.968805+00
760e84d4-5d0f-482c-b14f-06796365d306	42022567-ab08-497d-adf1-8ab3996fd3a8	613ae0c2-fc74-412d-8b8a-8e428af2d1e1	goruntule	\N	2026-07-05 15:48:45.968805+00
b4e616f0-7798-4c07-bea1-3d9e1c2dc550	42022567-ab08-497d-adf1-8ab3996fd3a8	de87bd93-08c4-4a99-8623-cb83fa3c3128	goruntule	\N	2026-07-05 15:48:45.968805+00
2c7a4566-745b-4477-a9b2-0bc1a3a50cab	42022567-ab08-497d-adf1-8ab3996fd3a8	ade7c02f-4a2e-4a83-ac52-a1952d8cc582	kayit	\N	2026-07-05 15:48:45.968805+00
ce4c6c56-1c93-4ced-8128-3991bb91c631	42022567-ab08-497d-adf1-8ab3996fd3a8	1a02ef5b-133d-42a5-83b8-7fb4ae15d8ff	yok	\N	2026-07-05 15:48:45.968805+00
a4ff6ae9-3fb0-4857-9392-bc9d83130682	42022567-ab08-497d-adf1-8ab3996fd3a8	791ad633-be27-4c54-b797-f105e9c9cd0d	tam	\N	2026-07-19 16:56:46.126+00
d5df6573-c797-4293-96f4-0b563c116f69	42022567-ab08-497d-adf1-8ab3996fd3a8	132d4696-4d17-470f-bdd4-7e3af21674d2	goruntule	\N	2026-07-05 15:48:45.968805+00
b125b845-5254-42eb-8973-9ed7a5ee64eb	42022567-ab08-497d-adf1-8ab3996fd3a8	056a55c9-bc64-4675-95c1-3b5649752fe7	yok	\N	2026-07-05 15:48:45.968805+00
74f773a6-486c-4bf5-908c-c9b55cf93bc8	42022567-ab08-497d-adf1-8ab3996fd3a8	273cdec9-7747-48eb-812d-e606a862f013	yok	\N	2026-07-05 15:48:45.968805+00
2b01728e-9601-4e7c-816d-798497c04cdc	42022567-ab08-497d-adf1-8ab3996fd3a8	9adcaab9-d0c6-4b7e-8fc6-1a80ca75617f	yok	\N	2026-07-05 15:48:45.968805+00
6cc5d049-319b-42dd-9b46-1beeff1a8d28	42022567-ab08-497d-adf1-8ab3996fd3a8	ed98fc61-9899-4630-a4c8-8311707bc291	yok	\N	2026-07-05 15:48:45.968805+00
f3b674ac-e6b3-4d6e-b66d-4c8a13640e7b	42022567-ab08-497d-adf1-8ab3996fd3a8	beef1da8-6594-4827-b53e-8a85ec48e3b1	yok	\N	2026-07-05 15:48:45.968805+00
a1599b52-b2f1-418b-a872-053cb1342459	42022567-ab08-497d-adf1-8ab3996fd3a8	b9161443-7f02-4a2a-8471-f2bb361286bc	yok	\N	2026-07-05 15:48:45.968805+00
fe758181-57e1-4a38-9d0e-7b83794e7029	42022567-ab08-497d-adf1-8ab3996fd3a8	053f135f-ad66-4a0d-a6b1-fbbe87b57d38	yok	\N	2026-07-05 15:48:45.968805+00
3faac7e6-81f2-4ac9-b895-91589d5e5944	42022567-ab08-497d-adf1-8ab3996fd3a8	c1ed4cae-61a5-48f1-9394-671fe139d0cc	yok	\N	2026-07-05 15:48:45.968805+00
cb9b94ba-cf9c-49b2-bb91-0b70a09b98f8	42022567-ab08-497d-adf1-8ab3996fd3a8	6d1559ef-c3a8-4134-b860-8e429a65e3a2	yok	\N	2026-07-05 15:48:45.968805+00
0da2f75a-e37e-4181-a529-ba2801852ae0	42022567-ab08-497d-adf1-8ab3996fd3a8	f981db92-c17f-4160-adeb-4592ff20c780	yok	\N	2026-07-05 15:48:45.968805+00
8708bfb1-5fae-4e97-adc8-c4b9f7f7e17f	42022567-ab08-497d-adf1-8ab3996fd3a8	57dd07de-2a72-416a-b3b7-5b8e1ad88a9c	yok	\N	2026-07-05 15:48:45.968805+00
2416833a-52ed-402f-926b-1230f673ed7f	42022567-ab08-497d-adf1-8ab3996fd3a8	c7aa0643-652c-4f55-b868-0b4647b6b2f3	yok	\N	2026-07-05 15:48:45.968805+00
215c3538-7975-4af8-a278-211a5a9f0989	42022567-ab08-497d-adf1-8ab3996fd3a8	28f4a63e-8360-407e-8331-e907b064cb8a	yok	\N	2026-07-05 15:48:45.968805+00
fcaeb876-7737-437f-bf66-e573731e2f18	42022567-ab08-497d-adf1-8ab3996fd3a8	6796b930-e374-4588-b096-539a88716e99	yok	\N	2026-07-05 15:48:45.968805+00
3ac41460-7bea-4f6c-92fd-c9dcbf9de5f0	5a8fa998-d739-4294-a94f-448c9faae7ba	ed42f22f-03dc-4d32-b963-fa24d2104b36	yok	\N	2026-07-05 15:48:45.968805+00
30330b5c-b2c5-4d3d-a79c-9b2c60ea1af1	5a8fa998-d739-4294-a94f-448c9faae7ba	1844c296-07ec-41f3-b7fe-24f7af3fafac	yok	\N	2026-07-05 15:48:45.968805+00
6adf2f31-3929-4d3b-8f01-37248be4ce48	5a8fa998-d739-4294-a94f-448c9faae7ba	613ae0c2-fc74-412d-8b8a-8e428af2d1e1	goruntule	\N	2026-07-05 15:48:45.968805+00
0e3ebb31-f98f-4b9f-b730-209e3e1adeb3	5a8fa998-d739-4294-a94f-448c9faae7ba	de87bd93-08c4-4a99-8623-cb83fa3c3128	goruntule	\N	2026-07-05 15:48:45.968805+00
98e9deca-8a42-470c-beb0-4546e7f98edc	5a8fa998-d739-4294-a94f-448c9faae7ba	791ad633-be27-4c54-b797-f105e9c9cd0d	kayit	\N	2026-07-05 15:48:45.968805+00
786f420e-d0ff-453e-abd6-f83e56a1a804	5a8fa998-d739-4294-a94f-448c9faae7ba	ade7c02f-4a2e-4a83-ac52-a1952d8cc582	kayit	\N	2026-07-05 15:48:45.968805+00
0555ecff-c1e6-4e29-bb2b-38c2bb108f5d	5a8fa998-d739-4294-a94f-448c9faae7ba	1a02ef5b-133d-42a5-83b8-7fb4ae15d8ff	yok	\N	2026-07-05 15:48:45.968805+00
4da7fc9b-954a-459d-a070-2cb5c1ee3280	5a8fa998-d739-4294-a94f-448c9faae7ba	132d4696-4d17-470f-bdd4-7e3af21674d2	yok	\N	2026-07-05 15:48:45.968805+00
1d39d852-49cb-4a9a-bf5b-a46fd6907924	5a8fa998-d739-4294-a94f-448c9faae7ba	056a55c9-bc64-4675-95c1-3b5649752fe7	yok	\N	2026-07-05 15:48:45.968805+00
40a458a9-cd09-4548-a60b-7c832bdb357a	5a8fa998-d739-4294-a94f-448c9faae7ba	273cdec9-7747-48eb-812d-e606a862f013	yok	\N	2026-07-05 15:48:45.968805+00
c1365537-d152-4f31-8384-e011216fafbe	5a8fa998-d739-4294-a94f-448c9faae7ba	9adcaab9-d0c6-4b7e-8fc6-1a80ca75617f	yok	\N	2026-07-05 15:48:45.968805+00
b3bf52c8-c3e1-4d70-8d0a-53c2620c1897	5a8fa998-d739-4294-a94f-448c9faae7ba	ed98fc61-9899-4630-a4c8-8311707bc291	yok	\N	2026-07-05 15:48:45.968805+00
19f7ba5c-c4d6-4158-af0c-8d8efc1b833a	5a8fa998-d739-4294-a94f-448c9faae7ba	beef1da8-6594-4827-b53e-8a85ec48e3b1	yok	\N	2026-07-05 15:48:45.968805+00
00640a9a-fdd8-40e6-a6a8-b7dda5c28f4a	5a8fa998-d739-4294-a94f-448c9faae7ba	c3baaade-7cc5-41f3-b4cb-dd5245755afb	yok	\N	2026-07-05 15:48:45.968805+00
25aed1a3-3b4e-48a6-a3af-717ec5f88bc0	5a8fa998-d739-4294-a94f-448c9faae7ba	b9161443-7f02-4a2a-8471-f2bb361286bc	yok	\N	2026-07-05 15:48:45.968805+00
42409744-b96d-437a-86d5-a1401b5396c7	5a8fa998-d739-4294-a94f-448c9faae7ba	053f135f-ad66-4a0d-a6b1-fbbe87b57d38	yok	\N	2026-07-05 15:48:45.968805+00
9f5fc30e-a1ca-4576-8919-846204e112bd	5a8fa998-d739-4294-a94f-448c9faae7ba	c1ed4cae-61a5-48f1-9394-671fe139d0cc	yok	\N	2026-07-05 15:48:45.968805+00
c50d6f7a-8ba2-4372-bf3e-688fde06e30a	5a8fa998-d739-4294-a94f-448c9faae7ba	6d1559ef-c3a8-4134-b860-8e429a65e3a2	yok	\N	2026-07-05 15:48:45.968805+00
33d374c4-57bc-489b-8494-6bfb5adcb7bc	5a8fa998-d739-4294-a94f-448c9faae7ba	f981db92-c17f-4160-adeb-4592ff20c780	yok	\N	2026-07-05 15:48:45.968805+00
3bc6dc28-d664-4dda-adfb-5f6f9e08da9f	5a8fa998-d739-4294-a94f-448c9faae7ba	57dd07de-2a72-416a-b3b7-5b8e1ad88a9c	yok	\N	2026-07-05 15:48:45.968805+00
781a196e-6f5b-40d3-a0f0-ca831dab4f0b	5a8fa998-d739-4294-a94f-448c9faae7ba	c7aa0643-652c-4f55-b868-0b4647b6b2f3	yok	\N	2026-07-05 15:48:45.968805+00
e7cba1d8-cb27-4a39-a52d-a8d5289cf3cc	5a8fa998-d739-4294-a94f-448c9faae7ba	28f4a63e-8360-407e-8331-e907b064cb8a	yok	\N	2026-07-05 15:48:45.968805+00
0aec5040-6a57-497f-9237-7b3505c44ea9	5a8fa998-d739-4294-a94f-448c9faae7ba	6796b930-e374-4588-b096-539a88716e99	yok	\N	2026-07-05 15:48:45.968805+00
70871fb7-7a87-4cda-9c31-d38cb930490c	31f33ff6-9e7b-4602-b685-3b28e8ac92bc	ed42f22f-03dc-4d32-b963-fa24d2104b36	yok	\N	2026-07-05 15:48:45.968805+00
bd6d2ce0-9f49-4165-a535-2a4ed4ac27fa	31f33ff6-9e7b-4602-b685-3b28e8ac92bc	1844c296-07ec-41f3-b7fe-24f7af3fafac	yok	\N	2026-07-05 15:48:45.968805+00
801f3a8c-b123-47df-9b10-ca9ac35e1734	31f33ff6-9e7b-4602-b685-3b28e8ac92bc	613ae0c2-fc74-412d-8b8a-8e428af2d1e1	goruntule	\N	2026-07-05 15:48:45.968805+00
352196f4-7797-48d1-bf31-9fdfa171b7c9	31f33ff6-9e7b-4602-b685-3b28e8ac92bc	de87bd93-08c4-4a99-8623-cb83fa3c3128	goruntule	\N	2026-07-05 15:48:45.968805+00
513fc669-8232-476d-9bb9-5bf547cb8fee	31f33ff6-9e7b-4602-b685-3b28e8ac92bc	791ad633-be27-4c54-b797-f105e9c9cd0d	kayit	\N	2026-07-05 15:48:45.968805+00
da4db96a-97bc-413f-bebc-dabd981f1d00	31f33ff6-9e7b-4602-b685-3b28e8ac92bc	ade7c02f-4a2e-4a83-ac52-a1952d8cc582	kayit	\N	2026-07-05 15:48:45.968805+00
c6e83470-abd9-450c-ad35-b267f95347b5	31f33ff6-9e7b-4602-b685-3b28e8ac92bc	1a02ef5b-133d-42a5-83b8-7fb4ae15d8ff	yok	\N	2026-07-05 15:48:45.968805+00
44728db5-dc62-418d-b99f-1625f3422097	31f33ff6-9e7b-4602-b685-3b28e8ac92bc	132d4696-4d17-470f-bdd4-7e3af21674d2	yok	\N	2026-07-05 15:48:45.968805+00
6ad70fd5-1a1b-4027-920c-015c830943bf	31f33ff6-9e7b-4602-b685-3b28e8ac92bc	056a55c9-bc64-4675-95c1-3b5649752fe7	yok	\N	2026-07-05 15:48:45.968805+00
f5b1ef6b-f2c9-4d5d-833d-7a39157e1882	31f33ff6-9e7b-4602-b685-3b28e8ac92bc	273cdec9-7747-48eb-812d-e606a862f013	yok	\N	2026-07-05 15:48:45.968805+00
eba54375-63a7-4fce-a617-58a6ca011573	31f33ff6-9e7b-4602-b685-3b28e8ac92bc	9adcaab9-d0c6-4b7e-8fc6-1a80ca75617f	yok	\N	2026-07-05 15:48:45.968805+00
f6bcf577-4b35-40f2-a930-bb97282bbfa4	31f33ff6-9e7b-4602-b685-3b28e8ac92bc	ed98fc61-9899-4630-a4c8-8311707bc291	yok	\N	2026-07-05 15:48:45.968805+00
bab880ed-d177-481c-924c-2b4802c2ecf0	31f33ff6-9e7b-4602-b685-3b28e8ac92bc	beef1da8-6594-4827-b53e-8a85ec48e3b1	yok	\N	2026-07-05 15:48:45.968805+00
4febf324-42bd-474b-9273-459e4d941cb9	31f33ff6-9e7b-4602-b685-3b28e8ac92bc	c3baaade-7cc5-41f3-b4cb-dd5245755afb	yok	\N	2026-07-05 15:48:45.968805+00
8bef92ad-ee66-4019-9ce6-70894bafa93c	31f33ff6-9e7b-4602-b685-3b28e8ac92bc	b9161443-7f02-4a2a-8471-f2bb361286bc	yok	\N	2026-07-05 15:48:45.968805+00
cfabbb57-0a67-44a9-8c65-24a04ff8b5f6	31f33ff6-9e7b-4602-b685-3b28e8ac92bc	053f135f-ad66-4a0d-a6b1-fbbe87b57d38	yok	\N	2026-07-05 15:48:45.968805+00
b263482e-3d4a-4215-b3a2-3b9c949d7177	31f33ff6-9e7b-4602-b685-3b28e8ac92bc	c1ed4cae-61a5-48f1-9394-671fe139d0cc	yok	\N	2026-07-05 15:48:45.968805+00
87d37608-7392-4478-b180-2a8dc0fa99de	31f33ff6-9e7b-4602-b685-3b28e8ac92bc	6d1559ef-c3a8-4134-b860-8e429a65e3a2	yok	\N	2026-07-05 15:48:45.968805+00
a6a9e827-b7ac-4815-8aab-4e4d3e414046	31f33ff6-9e7b-4602-b685-3b28e8ac92bc	f981db92-c17f-4160-adeb-4592ff20c780	yok	\N	2026-07-05 15:48:45.968805+00
d6116e4d-ec6c-467d-9d5c-7f5cb7c1123d	31f33ff6-9e7b-4602-b685-3b28e8ac92bc	57dd07de-2a72-416a-b3b7-5b8e1ad88a9c	yok	\N	2026-07-05 15:48:45.968805+00
69b0961d-2605-4da4-860a-d5301fca0ff4	31f33ff6-9e7b-4602-b685-3b28e8ac92bc	c7aa0643-652c-4f55-b868-0b4647b6b2f3	yok	\N	2026-07-05 15:48:45.968805+00
bc1f340c-cb72-4715-919f-0918fddba49a	31f33ff6-9e7b-4602-b685-3b28e8ac92bc	28f4a63e-8360-407e-8331-e907b064cb8a	yok	\N	2026-07-05 15:48:45.968805+00
0050ca70-051f-429b-837c-c8a9f2381365	31f33ff6-9e7b-4602-b685-3b28e8ac92bc	6796b930-e374-4588-b096-539a88716e99	yok	\N	2026-07-05 15:48:45.968805+00
8147a7a5-3450-4a15-acc1-da6a9300aa01	490354d0-30c3-46c2-80d3-6e5b0847c01b	ed42f22f-03dc-4d32-b963-fa24d2104b36	goruntule	\N	2026-07-05 15:48:45.968805+00
8d15e744-ddc2-4f4a-a581-49446f197a29	490354d0-30c3-46c2-80d3-6e5b0847c01b	1844c296-07ec-41f3-b7fe-24f7af3fafac	goruntule	\N	2026-07-05 15:48:45.968805+00
2fedef06-d739-4dab-aef2-647dd5d1f601	490354d0-30c3-46c2-80d3-6e5b0847c01b	613ae0c2-fc74-412d-8b8a-8e428af2d1e1	goruntule	\N	2026-07-05 15:48:45.968805+00
f3194252-016a-4bb1-bb0e-55a8f236a68f	490354d0-30c3-46c2-80d3-6e5b0847c01b	de87bd93-08c4-4a99-8623-cb83fa3c3128	goruntule	\N	2026-07-05 15:48:45.968805+00
3643ed0f-da35-47d2-880e-02d2343a7f90	490354d0-30c3-46c2-80d3-6e5b0847c01b	791ad633-be27-4c54-b797-f105e9c9cd0d	goruntule	\N	2026-07-05 15:48:45.968805+00
df68222a-be52-4114-abeb-ff9bd7f4862d	490354d0-30c3-46c2-80d3-6e5b0847c01b	ade7c02f-4a2e-4a83-ac52-a1952d8cc582	goruntule	\N	2026-07-05 15:48:45.968805+00
b74f5681-26d4-4792-bfe0-b545e00890b7	490354d0-30c3-46c2-80d3-6e5b0847c01b	1a02ef5b-133d-42a5-83b8-7fb4ae15d8ff	goruntule	\N	2026-07-05 15:48:45.968805+00
55931807-c089-4e60-98f2-06867e89cd67	490354d0-30c3-46c2-80d3-6e5b0847c01b	132d4696-4d17-470f-bdd4-7e3af21674d2	goruntule	\N	2026-07-05 15:48:45.968805+00
5b199b69-8d45-4f3e-8b78-e63daf7d106c	490354d0-30c3-46c2-80d3-6e5b0847c01b	056a55c9-bc64-4675-95c1-3b5649752fe7	goruntule	\N	2026-07-05 15:48:45.968805+00
d5d9cff2-f304-4061-a024-62c36aa6de44	490354d0-30c3-46c2-80d3-6e5b0847c01b	273cdec9-7747-48eb-812d-e606a862f013	goruntule	\N	2026-07-05 15:48:45.968805+00
1248e42f-5ca5-4326-b658-c32e319da210	490354d0-30c3-46c2-80d3-6e5b0847c01b	9adcaab9-d0c6-4b7e-8fc6-1a80ca75617f	goruntule	\N	2026-07-05 15:48:45.968805+00
1592c092-4ca3-40bd-a4cd-4bf28858e19e	490354d0-30c3-46c2-80d3-6e5b0847c01b	ed98fc61-9899-4630-a4c8-8311707bc291	goruntule	\N	2026-07-05 15:48:45.968805+00
366d42be-7b85-455b-9911-83ab92d2fd8e	490354d0-30c3-46c2-80d3-6e5b0847c01b	beef1da8-6594-4827-b53e-8a85ec48e3b1	goruntule	\N	2026-07-05 15:48:45.968805+00
3dfa45b2-41d1-4aa2-96df-5dfda645b254	490354d0-30c3-46c2-80d3-6e5b0847c01b	c3baaade-7cc5-41f3-b4cb-dd5245755afb	goruntule	\N	2026-07-05 15:48:45.968805+00
f7fd74a7-fddd-4cf6-8daf-afdb71a8142c	490354d0-30c3-46c2-80d3-6e5b0847c01b	b9161443-7f02-4a2a-8471-f2bb361286bc	goruntule	\N	2026-07-05 15:48:45.968805+00
2d2f07bc-32a4-496b-bed0-064f6c0d64de	490354d0-30c3-46c2-80d3-6e5b0847c01b	053f135f-ad66-4a0d-a6b1-fbbe87b57d38	goruntule	\N	2026-07-05 15:48:45.968805+00
56c33c3d-601a-40f5-8546-dab3c0e48f39	490354d0-30c3-46c2-80d3-6e5b0847c01b	c1ed4cae-61a5-48f1-9394-671fe139d0cc	goruntule	\N	2026-07-05 15:48:45.968805+00
479436fc-8fe5-44e3-aa58-c0a7f3efcf14	490354d0-30c3-46c2-80d3-6e5b0847c01b	6d1559ef-c3a8-4134-b860-8e429a65e3a2	goruntule	\N	2026-07-05 15:48:45.968805+00
c2b6d6a4-a75a-4380-9f7e-31b6fe2f91f4	490354d0-30c3-46c2-80d3-6e5b0847c01b	f981db92-c17f-4160-adeb-4592ff20c780	goruntule	\N	2026-07-05 15:48:45.968805+00
51f8e8f3-f0fe-4433-9609-fb0e71e486e2	490354d0-30c3-46c2-80d3-6e5b0847c01b	57dd07de-2a72-416a-b3b7-5b8e1ad88a9c	goruntule	\N	2026-07-05 15:48:45.968805+00
ebdca490-2a3d-408a-9554-4e1119486c7a	490354d0-30c3-46c2-80d3-6e5b0847c01b	c7aa0643-652c-4f55-b868-0b4647b6b2f3	goruntule	\N	2026-07-05 15:48:45.968805+00
0d46784b-47e6-4fd2-9249-bbc6c32ae538	490354d0-30c3-46c2-80d3-6e5b0847c01b	28f4a63e-8360-407e-8331-e907b064cb8a	goruntule	\N	2026-07-05 15:48:45.968805+00
6250c8b7-5bb8-46e7-bc34-e3181bb14828	490354d0-30c3-46c2-80d3-6e5b0847c01b	6796b930-e374-4588-b096-539a88716e99	tam	\N	2026-07-05 15:48:45.968805+00
66968c33-3561-452f-af7c-4ccc2a7dc505	08efc465-f389-43c3-ad0c-2365938606d1	132d4696-4d17-470f-bdd4-7e3af21674d2	goruntule	\N	2026-07-05 16:00:16.722+00
89ae90b3-1c68-4cd9-855e-61032314c373	42022567-ab08-497d-adf1-8ab3996fd3a8	c3baaade-7cc5-41f3-b4cb-dd5245755afb	goruntule	\N	2026-07-19 17:07:35.648+00
341b15a8-dade-405f-8b0c-5b427c761b39	08efc465-f389-43c3-ad0c-2365938606d1	e8d8530b-6cc2-4ae2-9d4d-0fa08d5c355e	goruntule	\N	2026-07-18 18:36:59.397675+00
a2044ed8-6d7e-4421-9536-59d86765012a	08efc465-f389-43c3-ad0c-2365938606d1	b58d0737-e893-44de-bc41-4e9f0821607d	goruntule	\N	2026-07-18 18:36:59.397675+00
680e11b3-7bfd-4b7f-ac46-7676585cc0ef	08efc465-f389-43c3-ad0c-2365938606d1	c837ede4-b821-4c02-babc-1579b57bf63c	goruntule	\N	2026-07-18 18:36:59.397675+00
1264be4a-51d4-40f1-b228-0030bab3e981	ee93e5b8-f124-40b3-8ce2-f4f2cb5dc53e	e8d8530b-6cc2-4ae2-9d4d-0fa08d5c355e	tam	\N	2026-07-18 18:36:59.397675+00
d23f33c1-29a3-460f-8a74-530525d5e8b6	ee93e5b8-f124-40b3-8ce2-f4f2cb5dc53e	b58d0737-e893-44de-bc41-4e9f0821607d	tam	\N	2026-07-18 18:36:59.397675+00
db925c3d-d012-4660-8cd1-e1b544ad4c93	ee93e5b8-f124-40b3-8ce2-f4f2cb5dc53e	c837ede4-b821-4c02-babc-1579b57bf63c	tam	\N	2026-07-18 18:36:59.397675+00
aba3af47-8aab-45a9-b001-6c161402ab65	a9224ab8-5a6c-41b5-b0eb-5b59361ae214	e8d8530b-6cc2-4ae2-9d4d-0fa08d5c355e	goruntule	\N	2026-07-18 18:36:59.397675+00
13f1a960-3c86-4c10-b760-0ee30973f113	a9224ab8-5a6c-41b5-b0eb-5b59361ae214	b58d0737-e893-44de-bc41-4e9f0821607d	goruntule	\N	2026-07-18 18:36:59.397675+00
5139cb97-322c-41e6-b09d-97f2b6ded188	a9224ab8-5a6c-41b5-b0eb-5b59361ae214	c837ede4-b821-4c02-babc-1579b57bf63c	goruntule	\N	2026-07-18 18:36:59.397675+00
7ed7f8c3-131d-48de-b509-5d526ba7631f	df59fd8d-3c17-448e-8767-d2f3c12ee345	e8d8530b-6cc2-4ae2-9d4d-0fa08d5c355e	tam	\N	2026-07-18 18:36:59.397675+00
dfce8b57-3b9d-4c60-8835-e07483cd5ae4	df59fd8d-3c17-448e-8767-d2f3c12ee345	b58d0737-e893-44de-bc41-4e9f0821607d	tam	\N	2026-07-18 18:36:59.397675+00
fd9fe411-1061-4008-a313-c889ff67691b	df59fd8d-3c17-448e-8767-d2f3c12ee345	c837ede4-b821-4c02-babc-1579b57bf63c	tam	\N	2026-07-18 18:36:59.397675+00
0aef29dc-679e-4c42-9303-1776c94f8edf	64ef2577-b42f-4ec2-a8fd-dd2a65565823	e8d8530b-6cc2-4ae2-9d4d-0fa08d5c355e	tam	\N	2026-07-18 18:36:59.397675+00
4f3f0787-ba32-43b3-940f-f10a92daca28	64ef2577-b42f-4ec2-a8fd-dd2a65565823	b58d0737-e893-44de-bc41-4e9f0821607d	tam	\N	2026-07-18 18:36:59.397675+00
c86d7e66-1e0f-4e1e-b8ff-c9f38258cb4b	64ef2577-b42f-4ec2-a8fd-dd2a65565823	c837ede4-b821-4c02-babc-1579b57bf63c	tam	\N	2026-07-18 18:36:59.397675+00
0e358010-ce47-4922-b4a0-ae67ad07336e	79dbd35e-8d1f-4e61-a1c7-dd2e24e028e1	e8d8530b-6cc2-4ae2-9d4d-0fa08d5c355e	kayit	\N	2026-07-18 18:36:59.397675+00
3a2ad20e-a171-48b5-a8b1-d4ebb8324e6f	79dbd35e-8d1f-4e61-a1c7-dd2e24e028e1	b58d0737-e893-44de-bc41-4e9f0821607d	kayit	\N	2026-07-18 18:36:59.397675+00
6ad72794-298a-4d18-aff4-0d95a9536cb0	79dbd35e-8d1f-4e61-a1c7-dd2e24e028e1	c837ede4-b821-4c02-babc-1579b57bf63c	kayit	\N	2026-07-18 18:36:59.397675+00
19227027-7c84-4b52-be19-0a8ceb90da4b	3638e005-e422-442f-a335-edc0a8fc3ff6	e8d8530b-6cc2-4ae2-9d4d-0fa08d5c355e	tam	\N	2026-07-18 18:36:59.397675+00
b5347a7b-6d4a-4cc0-bd68-b62922f2c473	3638e005-e422-442f-a335-edc0a8fc3ff6	b58d0737-e893-44de-bc41-4e9f0821607d	tam	\N	2026-07-18 18:36:59.397675+00
6e845089-2443-4dff-85f1-281469c0b062	3638e005-e422-442f-a335-edc0a8fc3ff6	c837ede4-b821-4c02-babc-1579b57bf63c	tam	\N	2026-07-18 18:36:59.397675+00
34284b71-e960-4b99-b211-d6c1f7ba79d9	490354d0-30c3-46c2-80d3-6e5b0847c01b	e8d8530b-6cc2-4ae2-9d4d-0fa08d5c355e	goruntule	\N	2026-07-18 18:36:59.397675+00
ec9d1019-76b9-4313-b285-1691de4ba333	490354d0-30c3-46c2-80d3-6e5b0847c01b	b58d0737-e893-44de-bc41-4e9f0821607d	goruntule	\N	2026-07-18 18:36:59.397675+00
151d2f45-1ef3-4b67-8ba2-b479b6d54101	490354d0-30c3-46c2-80d3-6e5b0847c01b	c837ede4-b821-4c02-babc-1579b57bf63c	goruntule	\N	2026-07-18 18:36:59.397675+00
b2a7d4a3-dff4-4ac0-8aa8-e10e34457e73	8c72efdb-d6bd-42c4-9ea8-71ffd5bc1d9b	ed42f22f-03dc-4d32-b963-fa24d2104b36	kayit	\N	2026-07-18 19:24:42.982468+00
b8a12a66-10fb-4937-bb39-e09e0641a5ba	8c72efdb-d6bd-42c4-9ea8-71ffd5bc1d9b	1844c296-07ec-41f3-b7fe-24f7af3fafac	kayit	\N	2026-07-18 19:24:42.982468+00
af7b17db-3b26-4248-ada4-60ee5b4754fd	8c72efdb-d6bd-42c4-9ea8-71ffd5bc1d9b	613ae0c2-fc74-412d-8b8a-8e428af2d1e1	kayit	\N	2026-07-18 19:24:42.982468+00
ae76822e-87ff-4c0d-9810-62db3c4193b3	8c72efdb-d6bd-42c4-9ea8-71ffd5bc1d9b	de87bd93-08c4-4a99-8623-cb83fa3c3128	kayit	\N	2026-07-18 19:24:42.982468+00
8d487f1a-b6d0-437d-b7ab-5ae310af889e	8c72efdb-d6bd-42c4-9ea8-71ffd5bc1d9b	ade7c02f-4a2e-4a83-ac52-a1952d8cc582	kayit	\N	2026-07-18 19:24:42.982468+00
03264a5d-286b-46f4-b685-e978cced3f18	8c72efdb-d6bd-42c4-9ea8-71ffd5bc1d9b	132d4696-4d17-470f-bdd4-7e3af21674d2	goruntule	\N	2026-07-18 19:24:42.982468+00
1028df7b-7be4-4def-8c23-5c7cbc759968	fd4b9619-456b-47af-9f2d-5f3edee9daa0	613ae0c2-fc74-412d-8b8a-8e428af2d1e1	goruntule	\N	2026-07-18 19:24:42.982468+00
c16bdab2-2d04-4758-a25e-97ca31cecfa6	fd4b9619-456b-47af-9f2d-5f3edee9daa0	de87bd93-08c4-4a99-8623-cb83fa3c3128	goruntule	\N	2026-07-18 19:24:42.982468+00
1fe58b51-29db-4578-bf0c-0beb25e1c28f	fd4b9619-456b-47af-9f2d-5f3edee9daa0	791ad633-be27-4c54-b797-f105e9c9cd0d	kayit	\N	2026-07-18 19:24:42.982468+00
74248f78-6a1b-46a8-ba3a-f6be5f17ac26	fd4b9619-456b-47af-9f2d-5f3edee9daa0	ade7c02f-4a2e-4a83-ac52-a1952d8cc582	kayit	\N	2026-07-18 19:24:42.982468+00
be1830aa-2f8b-4be2-9119-bea24b4abbc5	23962bd5-15ea-4caf-8be1-12aaec2933aa	613ae0c2-fc74-412d-8b8a-8e428af2d1e1	goruntule	\N	2026-07-18 19:24:42.982468+00
6d396fe2-4452-4005-aa4e-9a0a5aaa0dd0	23962bd5-15ea-4caf-8be1-12aaec2933aa	de87bd93-08c4-4a99-8623-cb83fa3c3128	goruntule	\N	2026-07-18 19:24:42.982468+00
c3ce8ff3-2f81-4f3a-8949-030fca0a350e	23962bd5-15ea-4caf-8be1-12aaec2933aa	791ad633-be27-4c54-b797-f105e9c9cd0d	kayit	\N	2026-07-18 19:24:42.982468+00
ddeb87e7-52f9-4db1-859f-51f739d99fe1	23962bd5-15ea-4caf-8be1-12aaec2933aa	ade7c02f-4a2e-4a83-ac52-a1952d8cc582	kayit	\N	2026-07-18 19:24:42.982468+00
96475b26-6dca-4630-b72d-03b32f58082b	08499574-2d86-432d-99b6-7fbe2b385b4f	613ae0c2-fc74-412d-8b8a-8e428af2d1e1	goruntule	\N	2026-07-18 19:24:42.982468+00
84ca8330-a8ae-432c-b198-99c1cf7c901b	08499574-2d86-432d-99b6-7fbe2b385b4f	de87bd93-08c4-4a99-8623-cb83fa3c3128	goruntule	\N	2026-07-18 19:24:42.982468+00
d14c73b3-79c1-4247-95d7-fbd09381261b	08499574-2d86-432d-99b6-7fbe2b385b4f	791ad633-be27-4c54-b797-f105e9c9cd0d	kayit	\N	2026-07-18 19:24:42.982468+00
7dff2fad-9245-4e32-a1a5-dce4f1db0a05	08499574-2d86-432d-99b6-7fbe2b385b4f	ade7c02f-4a2e-4a83-ac52-a1952d8cc582	kayit	\N	2026-07-18 19:24:42.982468+00
383f4ce2-49d7-40a1-8b13-325932ec9b21	69ccfc29-0308-45ed-8e3a-67c54fd26768	613ae0c2-fc74-412d-8b8a-8e428af2d1e1	goruntule	\N	2026-07-18 19:24:42.982468+00
96f8ac77-c0b6-4d29-8e72-c20e7025aee9	69ccfc29-0308-45ed-8e3a-67c54fd26768	de87bd93-08c4-4a99-8623-cb83fa3c3128	goruntule	\N	2026-07-18 19:24:42.982468+00
2da76c07-76ba-4ecc-bb6f-f58aac383e4d	69ccfc29-0308-45ed-8e3a-67c54fd26768	791ad633-be27-4c54-b797-f105e9c9cd0d	kayit	\N	2026-07-18 19:24:42.982468+00
5ed5fecd-1b43-4a19-b632-cbaf6fbcf1af	69ccfc29-0308-45ed-8e3a-67c54fd26768	ade7c02f-4a2e-4a83-ac52-a1952d8cc582	kayit	\N	2026-07-18 19:24:42.982468+00
92cfea60-1113-4a25-9f4c-2432d31faf30	f34e1839-eec7-4dce-8da1-6372e8969dcc	ed42f22f-03dc-4d32-b963-fa24d2104b36	tam	\N	2026-07-18 20:38:03.590001+00
06afe7ed-502f-4191-9c0a-9c539ed5184e	f34e1839-eec7-4dce-8da1-6372e8969dcc	1844c296-07ec-41f3-b7fe-24f7af3fafac	tam	\N	2026-07-18 20:38:03.590001+00
2322fc97-19fb-4bd9-b399-a47e5ae716e6	f34e1839-eec7-4dce-8da1-6372e8969dcc	613ae0c2-fc74-412d-8b8a-8e428af2d1e1	tam	\N	2026-07-18 20:38:03.590001+00
ecae40a6-fefe-426c-af97-756b459155b9	f34e1839-eec7-4dce-8da1-6372e8969dcc	de87bd93-08c4-4a99-8623-cb83fa3c3128	tam	\N	2026-07-18 20:38:03.590001+00
3a9b7bdd-273b-4183-983d-6a19d113d52d	f34e1839-eec7-4dce-8da1-6372e8969dcc	791ad633-be27-4c54-b797-f105e9c9cd0d	tam	\N	2026-07-18 20:38:03.590001+00
847f1bbe-f74b-41b6-84ae-f0de99b33733	f34e1839-eec7-4dce-8da1-6372e8969dcc	ade7c02f-4a2e-4a83-ac52-a1952d8cc582	tam	\N	2026-07-18 20:38:03.590001+00
d26ff3f5-03f9-461c-b038-c119ada8c67e	f34e1839-eec7-4dce-8da1-6372e8969dcc	1a02ef5b-133d-42a5-83b8-7fb4ae15d8ff	tam	\N	2026-07-18 20:38:03.590001+00
73eb9547-ead4-4372-85bf-4aac444e32be	f34e1839-eec7-4dce-8da1-6372e8969dcc	132d4696-4d17-470f-bdd4-7e3af21674d2	tam	\N	2026-07-18 20:38:03.590001+00
e557fef6-b647-4b8a-89f1-9adcf6bab241	f34e1839-eec7-4dce-8da1-6372e8969dcc	056a55c9-bc64-4675-95c1-3b5649752fe7	tam	\N	2026-07-18 20:38:03.590001+00
b5ca5bc9-a353-4bd3-b154-30b70e3eacc9	f34e1839-eec7-4dce-8da1-6372e8969dcc	273cdec9-7747-48eb-812d-e606a862f013	tam	\N	2026-07-18 20:38:03.590001+00
edc6633c-fcd7-4da1-b544-55768f26d513	f34e1839-eec7-4dce-8da1-6372e8969dcc	9adcaab9-d0c6-4b7e-8fc6-1a80ca75617f	tam	\N	2026-07-18 20:38:03.590001+00
eb23f9d7-d348-4892-8a7d-8324d0510403	f34e1839-eec7-4dce-8da1-6372e8969dcc	ed98fc61-9899-4630-a4c8-8311707bc291	tam	\N	2026-07-18 20:38:03.590001+00
44087145-ed0d-42cd-a12e-10167a069ca9	f34e1839-eec7-4dce-8da1-6372e8969dcc	beef1da8-6594-4827-b53e-8a85ec48e3b1	tam	\N	2026-07-18 20:38:03.590001+00
44e79805-662a-4ced-8937-0c884e6dd878	f34e1839-eec7-4dce-8da1-6372e8969dcc	c3baaade-7cc5-41f3-b4cb-dd5245755afb	tam	\N	2026-07-18 20:38:03.590001+00
79f0d5c8-bc7e-470a-b81e-c8deebe0f16e	f34e1839-eec7-4dce-8da1-6372e8969dcc	b9161443-7f02-4a2a-8471-f2bb361286bc	tam	\N	2026-07-18 20:38:03.590001+00
46bc0255-9a56-4f37-8224-02db8f73b97c	f34e1839-eec7-4dce-8da1-6372e8969dcc	053f135f-ad66-4a0d-a6b1-fbbe87b57d38	tam	\N	2026-07-18 20:38:03.590001+00
620b8ed8-995b-481b-8978-94dc0a989abc	f34e1839-eec7-4dce-8da1-6372e8969dcc	c1ed4cae-61a5-48f1-9394-671fe139d0cc	tam	\N	2026-07-18 20:38:03.590001+00
3e3fac2b-d90c-44be-add6-db2543359950	f34e1839-eec7-4dce-8da1-6372e8969dcc	6d1559ef-c3a8-4134-b860-8e429a65e3a2	tam	\N	2026-07-18 20:38:03.590001+00
591e1dbf-9bd9-4d32-bbd3-fa66f9d42ccb	f34e1839-eec7-4dce-8da1-6372e8969dcc	f981db92-c17f-4160-adeb-4592ff20c780	tam	\N	2026-07-18 20:38:03.590001+00
4d6f6814-11ed-4974-866a-fd1648720b4f	f34e1839-eec7-4dce-8da1-6372e8969dcc	57dd07de-2a72-416a-b3b7-5b8e1ad88a9c	tam	\N	2026-07-18 20:38:03.590001+00
bb94a9c1-4d4c-4f69-afc3-90c778419538	f34e1839-eec7-4dce-8da1-6372e8969dcc	c7aa0643-652c-4f55-b868-0b4647b6b2f3	tam	\N	2026-07-18 20:38:03.590001+00
c695bf64-acd6-4d9c-bfc2-38bd35a73c91	f34e1839-eec7-4dce-8da1-6372e8969dcc	28f4a63e-8360-407e-8331-e907b064cb8a	tam	\N	2026-07-18 20:38:03.590001+00
b7d10eb3-4978-4d9c-b442-575e80c4cb43	f34e1839-eec7-4dce-8da1-6372e8969dcc	6796b930-e374-4588-b096-539a88716e99	tam	\N	2026-07-18 20:38:03.590001+00
76115869-4c9f-44cb-a460-47c3ba6d2611	f34e1839-eec7-4dce-8da1-6372e8969dcc	8bf0c652-1e97-4c70-b0a7-a7ce03995b26	tam	\N	2026-07-18 20:38:03.590001+00
0eea1d80-fc55-4bac-8573-b27ac517de2b	f34e1839-eec7-4dce-8da1-6372e8969dcc	6984beeb-838b-4a09-b4c0-2118e473535e	tam	\N	2026-07-18 20:38:03.590001+00
295c65fa-a8b7-4bed-9115-c1bde92ad6c7	f34e1839-eec7-4dce-8da1-6372e8969dcc	4d5df911-8675-4501-87ba-3e74a73e13f2	tam	\N	2026-07-18 20:38:03.590001+00
daf23fe7-34fd-4551-a549-7f8d96ee6a36	f34e1839-eec7-4dce-8da1-6372e8969dcc	d5a216af-0e72-4091-a6fc-596dc8d91d3a	tam	\N	2026-07-18 20:38:03.590001+00
a191f4c7-7fed-4713-ac53-2f24cfbafb2f	f34e1839-eec7-4dce-8da1-6372e8969dcc	f7a64a62-035e-4f3c-9dd7-9f37d3907588	tam	\N	2026-07-18 20:38:03.590001+00
015c6996-2b6f-48b7-8209-32aa740d0db9	f34e1839-eec7-4dce-8da1-6372e8969dcc	5d651cf2-e1b2-49c0-a347-8fcf353aaab1	tam	\N	2026-07-18 20:38:03.590001+00
1520f159-f02b-4422-b7b3-f055d911adf1	f34e1839-eec7-4dce-8da1-6372e8969dcc	75b003fd-9e02-44c7-98a8-5cff436f50bc	tam	\N	2026-07-18 20:38:03.590001+00
a7f24f2e-5b65-47c2-98ce-1a57a81fab3f	f34e1839-eec7-4dce-8da1-6372e8969dcc	ee7a7d97-f564-4a98-b9f9-60559124a65f	tam	\N	2026-07-18 20:38:03.590001+00
34842fb3-7143-4298-ada4-9d9154271993	f34e1839-eec7-4dce-8da1-6372e8969dcc	89991120-3e94-4d03-b715-01cda1634467	tam	\N	2026-07-18 20:38:03.590001+00
46e975d3-31b5-4545-a38e-1af5fcf50a79	f34e1839-eec7-4dce-8da1-6372e8969dcc	e8d8530b-6cc2-4ae2-9d4d-0fa08d5c355e	tam	\N	2026-07-18 20:38:03.590001+00
c7d4f81d-4cac-4668-86e8-0fe0bdde2457	f34e1839-eec7-4dce-8da1-6372e8969dcc	b58d0737-e893-44de-bc41-4e9f0821607d	tam	\N	2026-07-18 20:38:03.590001+00
eab732ba-00a0-4e77-8897-82ee9b4763a0	f34e1839-eec7-4dce-8da1-6372e8969dcc	c837ede4-b821-4c02-babc-1579b57bf63c	tam	\N	2026-07-18 20:38:03.590001+00
1e171a65-7536-4cda-b352-0ccd9c7b1b5b	f34e1839-eec7-4dce-8da1-6372e8969dcc	bf4aab81-ef21-4104-bd94-c5658c7dbeac	tam	\N	2026-07-18 20:38:03.590001+00
f0e5168a-9e31-441c-8b29-f52561689951	f34e1839-eec7-4dce-8da1-6372e8969dcc	19681d74-4661-4ae4-85a2-6765dc5245bf	tam	\N	2026-07-18 20:38:03.590001+00
5e0de042-1756-4b0a-ade2-db2636ef7ad4	f34e1839-eec7-4dce-8da1-6372e8969dcc	2fd58d42-10fe-4aaa-809e-ed706e8db2ac	tam	\N	2026-07-18 20:38:03.590001+00
21a67329-b0b9-4646-9f09-1dfb21770f5b	f34e1839-eec7-4dce-8da1-6372e8969dcc	3b4a5e13-d6d9-4bf6-8ef5-9ba3f50e3e1c	tam	\N	2026-07-18 20:38:03.590001+00
bd7af0e4-c67d-484e-84a8-f10f4b4bfd59	f34e1839-eec7-4dce-8da1-6372e8969dcc	9b5f9185-6e6f-453d-bc07-e5098a82bf73	tam	\N	2026-07-18 20:38:03.590001+00
883476dd-9d6d-46d8-b854-bf6115c55e3c	f34e1839-eec7-4dce-8da1-6372e8969dcc	1963d9be-2e3f-430c-8630-02b9a005cb96	tam	\N	2026-07-18 20:38:03.590001+00
b4b1da87-0cd0-4afa-8150-7b9525f9bf07	08efc465-f389-43c3-ad0c-2365938606d1	ee7a7d97-f564-4a98-b9f9-60559124a65f	goruntule	\N	2026-07-19 14:36:17.781342+00
1defb75b-c558-4175-9a26-3eb71030fa94	ee93e5b8-f124-40b3-8ce2-f4f2cb5dc53e	ee7a7d97-f564-4a98-b9f9-60559124a65f	kayit	\N	2026-07-19 14:36:17.781342+00
30b76a99-7eec-48d8-8b1c-04404681ffb8	5cf6baf2-fa7e-41a3-82f4-d2e526bc7da0	ee7a7d97-f564-4a98-b9f9-60559124a65f	tam	\N	2026-07-19 14:36:17.781342+00
4e1bef5b-8b2c-413d-8767-9bd1cb4f516c	a9224ab8-5a6c-41b5-b0eb-5b59361ae214	ee7a7d97-f564-4a98-b9f9-60559124a65f	goruntule	\N	2026-07-19 14:36:17.781342+00
34a9e69f-3399-4bb2-8ff5-7f78c56ad38a	df59fd8d-3c17-448e-8767-d2f3c12ee345	ee7a7d97-f564-4a98-b9f9-60559124a65f	goruntule	\N	2026-07-19 14:36:17.781342+00
e5ba0762-ccff-4ce7-aa19-a49dc9c64dd7	3638e005-e422-442f-a335-edc0a8fc3ff6	ee7a7d97-f564-4a98-b9f9-60559124a65f	tam	\N	2026-07-19 14:36:17.781342+00
a95791bc-2db2-498e-b494-7699b6912743	32580e5b-c175-46a2-b2b6-d9fdcdb9e601	ee7a7d97-f564-4a98-b9f9-60559124a65f	kayit	\N	2026-07-19 14:36:17.781342+00
b6b7c4a9-9dc5-4fb8-b957-cc47be2b1157	9b6b01eb-437f-4440-b0b8-a8f9101ed0ea	ee7a7d97-f564-4a98-b9f9-60559124a65f	tam	\N	2026-07-19 14:36:17.781342+00
3afe2dd8-e955-4dd3-974b-068ef65730a6	7659caaf-9253-4cf5-a036-256ee60cb51c	ee7a7d97-f564-4a98-b9f9-60559124a65f	kayit	\N	2026-07-19 14:36:17.781342+00
559ad977-f650-4829-a5ef-8f67f3efeaa9	77a48bc8-96f9-4a15-9196-65b0e04304ae	ee7a7d97-f564-4a98-b9f9-60559124a65f	goruntule	\N	2026-07-19 14:36:17.781342+00
dee8bf90-d7a2-499e-bce9-d9806c79f043	490354d0-30c3-46c2-80d3-6e5b0847c01b	ee7a7d97-f564-4a98-b9f9-60559124a65f	goruntule	\N	2026-07-19 14:36:17.781342+00
fc3b3e03-8a3f-40d4-bd79-ea46cc14b81e	08efc465-f389-43c3-ad0c-2365938606d1	2fd58d42-10fe-4aaa-809e-ed706e8db2ac	goruntule	\N	2026-07-19 14:36:17.781342+00
2befdf18-1152-4654-8842-7e8816b54d64	ee93e5b8-f124-40b3-8ce2-f4f2cb5dc53e	2fd58d42-10fe-4aaa-809e-ed706e8db2ac	tam	\N	2026-07-19 14:36:17.781342+00
51752219-b221-455c-b4c5-81a0e3a7db4d	a9224ab8-5a6c-41b5-b0eb-5b59361ae214	2fd58d42-10fe-4aaa-809e-ed706e8db2ac	goruntule	\N	2026-07-19 14:36:17.781342+00
672a1fb3-e99e-409a-ac90-8f4d804cb1bc	df59fd8d-3c17-448e-8767-d2f3c12ee345	2fd58d42-10fe-4aaa-809e-ed706e8db2ac	tam	\N	2026-07-19 14:36:17.781342+00
573b5a59-ecc6-458b-8bdd-dde90f2278e2	64ef2577-b42f-4ec2-a8fd-dd2a65565823	2fd58d42-10fe-4aaa-809e-ed706e8db2ac	tam	\N	2026-07-19 14:36:17.781342+00
6f9e7e72-0ac9-4ad6-bbac-41921e376d42	79dbd35e-8d1f-4e61-a1c7-dd2e24e028e1	2fd58d42-10fe-4aaa-809e-ed706e8db2ac	goruntule	\N	2026-07-19 14:36:17.781342+00
71f758b0-7e0b-4e1f-9bbd-e2676c2bc9e7	3638e005-e422-442f-a335-edc0a8fc3ff6	2fd58d42-10fe-4aaa-809e-ed706e8db2ac	tam	\N	2026-07-19 14:36:17.781342+00
b12e62f9-0df2-42e9-aa98-94a40cca7916	490354d0-30c3-46c2-80d3-6e5b0847c01b	2fd58d42-10fe-4aaa-809e-ed706e8db2ac	goruntule	\N	2026-07-19 14:36:17.781342+00
7d8fee68-b6c3-4d0d-9768-146eaa41107e	64ef2577-b42f-4ec2-a8fd-dd2a65565823	57b19f4b-a096-4563-a79e-9e82f4ae9a42	yok	\N	2026-07-20 18:57:02.669+00
69748eea-1e85-437a-a3e1-58760d3d5e39	5a8fa998-d739-4294-a94f-448c9faae7ba	75b003fd-9e02-44c7-98a8-5cff436f50bc	kayit	\N	2026-07-19 17:08:52.534+00
1b10fc25-7eca-4ebd-b9e5-e29c3a51151c	08efc465-f389-43c3-ad0c-2365938606d1	57b19f4b-a096-4563-a79e-9e82f4ae9a42	goruntule	\N	2026-07-20 17:10:49.12413+00
3df72cf6-4b14-4dd0-8685-ace3d53577d7	3638e005-e422-442f-a335-edc0a8fc3ff6	791ad633-be27-4c54-b797-f105e9c9cd0d	kayit	\N	2026-07-19 16:56:57.496+00
e28a18e2-4038-413f-b8da-213f60d2927a	ee93e5b8-f124-40b3-8ce2-f4f2cb5dc53e	57b19f4b-a096-4563-a79e-9e82f4ae9a42	kayit	\N	2026-07-20 17:10:49.12413+00
522b4303-3e16-4f9f-bddc-13b158afcc42	64ef2577-b42f-4ec2-a8fd-dd2a65565823	791ad633-be27-4c54-b797-f105e9c9cd0d	kayit	\N	2026-07-19 16:57:00.067+00
925ed992-fba1-4ec5-8b4e-48ec58ab9b77	944c0961-c1b4-46e8-b895-2c442ed7737b	ade7c02f-4a2e-4a83-ac52-a1952d8cc582	kayit	\N	2026-07-19 16:57:52.502+00
5f5e0916-13ab-4744-aded-ba83c21dd416	08efc465-f389-43c3-ad0c-2365938606d1	bf4aab81-ef21-4104-bd94-c5658c7dbeac	goruntule	\N	2026-07-19 14:39:28.223335+00
94640899-decf-43ad-be16-c2962d72b13b	ee93e5b8-f124-40b3-8ce2-f4f2cb5dc53e	bf4aab81-ef21-4104-bd94-c5658c7dbeac	tam	\N	2026-07-19 14:39:28.223335+00
778744db-0159-4e0f-83fc-4a4659d1db63	a9224ab8-5a6c-41b5-b0eb-5b59361ae214	bf4aab81-ef21-4104-bd94-c5658c7dbeac	goruntule	\N	2026-07-19 14:39:28.223335+00
efc366b7-d4b5-43f2-a4e9-028bbe9f9afe	df59fd8d-3c17-448e-8767-d2f3c12ee345	bf4aab81-ef21-4104-bd94-c5658c7dbeac	tam	\N	2026-07-19 14:39:28.223335+00
071e0da8-2321-4172-a171-85d9cf4b4eaa	64ef2577-b42f-4ec2-a8fd-dd2a65565823	bf4aab81-ef21-4104-bd94-c5658c7dbeac	tam	\N	2026-07-19 14:39:28.223335+00
9c05a60f-5ca1-4e0a-a17a-c3fc83afd3b2	490354d0-30c3-46c2-80d3-6e5b0847c01b	bf4aab81-ef21-4104-bd94-c5658c7dbeac	goruntule	\N	2026-07-19 14:39:28.223335+00
7c103f58-2d68-494a-ab87-fedca9ebe581	08efc465-f389-43c3-ad0c-2365938606d1	8bf0c652-1e97-4c70-b0a7-a7ce03995b26	goruntule	\N	2026-07-19 15:58:30.710148+00
09750c0f-52cd-4ce3-9539-a8f726b93fb4	ee93e5b8-f124-40b3-8ce2-f4f2cb5dc53e	8bf0c652-1e97-4c70-b0a7-a7ce03995b26	goruntule	\N	2026-07-19 15:58:30.710148+00
6b5b6266-89db-4be3-be42-7f61ca00d7bd	a9224ab8-5a6c-41b5-b0eb-5b59361ae214	8bf0c652-1e97-4c70-b0a7-a7ce03995b26	goruntule	\N	2026-07-19 15:58:30.710148+00
c339f1be-2eaf-498b-bd3c-ef8dd7b2b18f	df59fd8d-3c17-448e-8767-d2f3c12ee345	8bf0c652-1e97-4c70-b0a7-a7ce03995b26	goruntule	\N	2026-07-19 15:58:30.710148+00
981cd412-1ddf-461c-ac30-de2974f2c94e	3638e005-e422-442f-a335-edc0a8fc3ff6	8bf0c652-1e97-4c70-b0a7-a7ce03995b26	goruntule	\N	2026-07-19 15:58:30.710148+00
5a445a01-5879-4fca-a8b3-f5d881744847	32580e5b-c175-46a2-b2b6-d9fdcdb9e601	8bf0c652-1e97-4c70-b0a7-a7ce03995b26	goruntule	\N	2026-07-19 15:58:30.710148+00
7481bfe0-70ae-4379-9d2c-a5e6c6faa22c	3a8acfc3-a7b1-42cb-b567-e7f23d02a096	8bf0c652-1e97-4c70-b0a7-a7ce03995b26	goruntule	\N	2026-07-19 15:58:30.710148+00
be45d75b-1e58-40e9-a492-7fac3df80ce2	13f231a5-b61e-4f58-9150-a2feee3cf15b	8bf0c652-1e97-4c70-b0a7-a7ce03995b26	goruntule	\N	2026-07-19 15:58:30.710148+00
3eaa2a60-e415-453d-bcd0-959ae463f1e0	42022567-ab08-497d-adf1-8ab3996fd3a8	8bf0c652-1e97-4c70-b0a7-a7ce03995b26	tam	\N	2026-07-19 15:58:30.710148+00
3005bd77-e4b7-4a2c-a9ce-f9913ea18c0a	5a8fa998-d739-4294-a94f-448c9faae7ba	8bf0c652-1e97-4c70-b0a7-a7ce03995b26	kayit	\N	2026-07-19 15:58:30.710148+00
7598dd1a-d97a-4c88-9e40-78df8828c3fd	31f33ff6-9e7b-4602-b685-3b28e8ac92bc	8bf0c652-1e97-4c70-b0a7-a7ce03995b26	kayit	\N	2026-07-19 15:58:30.710148+00
bf3e9274-21ab-4895-8d1c-4c335962df6f	490354d0-30c3-46c2-80d3-6e5b0847c01b	8bf0c652-1e97-4c70-b0a7-a7ce03995b26	goruntule	\N	2026-07-19 15:58:30.710148+00
a8bdebf5-1929-41cc-838c-a3d6b6e446e5	fd4b9619-456b-47af-9f2d-5f3edee9daa0	8bf0c652-1e97-4c70-b0a7-a7ce03995b26	kayit	\N	2026-07-19 15:58:30.710148+00
5fc2a31f-32b6-4633-bc4c-e0ab466696ce	23962bd5-15ea-4caf-8be1-12aaec2933aa	8bf0c652-1e97-4c70-b0a7-a7ce03995b26	kayit	\N	2026-07-19 15:58:30.710148+00
4e33c45e-cf5a-4535-b55c-1dd5be128eb0	08499574-2d86-432d-99b6-7fbe2b385b4f	8bf0c652-1e97-4c70-b0a7-a7ce03995b26	kayit	\N	2026-07-19 15:58:30.710148+00
7724f0c5-a245-4958-87de-e9f66ea477a2	69ccfc29-0308-45ed-8e3a-67c54fd26768	8bf0c652-1e97-4c70-b0a7-a7ce03995b26	kayit	\N	2026-07-19 15:58:30.710148+00
892d79a5-3df7-47d3-8ad1-a81c1324eee7	ab39c129-9a97-40a2-ae6a-72f498a92fb2	ade7c02f-4a2e-4a83-ac52-a1952d8cc582	kayit	\N	2026-07-19 16:57:53.861+00
1c1ec1ab-2499-48dc-8d8d-b2df5e25fa38	55e21309-66a3-47cf-b2b9-b37280e37e55	ade7c02f-4a2e-4a83-ac52-a1952d8cc582	kayit	\N	2026-07-19 16:57:56.675+00
9c4decb2-774b-4eb7-b0ec-f545d63e91db	55e21309-66a3-47cf-b2b9-b37280e37e55	791ad633-be27-4c54-b797-f105e9c9cd0d	kayit	\N	2026-07-19 16:54:25.416+00
205f6c0d-9456-4bcb-becf-1b10d279f89b	e3c8a3c4-597c-4f74-bb0b-fd3e255645a9	75b003fd-9e02-44c7-98a8-5cff436f50bc	kayit	\N	2026-07-19 17:08:27.169+00
9903c1d3-e485-4d18-9868-e8b0b8fc8187	944c0961-c1b4-46e8-b895-2c442ed7737b	791ad633-be27-4c54-b797-f105e9c9cd0d	kayit	\N	2026-07-19 16:54:36.433+00
8dec78fb-7426-4db5-8a76-1299a20de6ca	ab39c129-9a97-40a2-ae6a-72f498a92fb2	791ad633-be27-4c54-b797-f105e9c9cd0d	kayit	\N	2026-07-19 16:54:44.855+00
f5bf775c-2362-4c8f-bec5-089de1585961	f91e85f2-8ef8-4744-9a1b-1fe4e8b6c221	791ad633-be27-4c54-b797-f105e9c9cd0d	kayit	\N	2026-07-19 16:54:50.93+00
b348ac94-8f2c-4183-b318-e7d5bc29e4c8	8c72efdb-d6bd-42c4-9ea8-71ffd5bc1d9b	791ad633-be27-4c54-b797-f105e9c9cd0d	tam	\N	2026-07-19 16:54:56.342+00
cdefdf6d-3b62-4b7c-be86-f1152f0849b5	77a48bc8-96f9-4a15-9196-65b0e04304ae	791ad633-be27-4c54-b797-f105e9c9cd0d	kayit	\N	2026-07-19 16:56:46.831+00
bad35c71-1c77-4183-ae49-7b5bfe466b7f	3a8acfc3-a7b1-42cb-b567-e7f23d02a096	75b003fd-9e02-44c7-98a8-5cff436f50bc	kayit	\N	2026-07-19 17:08:34.224+00
2c8289ca-f94b-4ded-82c1-5c444f20eeb3	13f231a5-b61e-4f58-9150-a2feee3cf15b	75b003fd-9e02-44c7-98a8-5cff436f50bc	kayit	\N	2026-07-19 17:08:36.871+00
084df82d-eec5-4d08-b34a-ebaec275225b	5cf6baf2-fa7e-41a3-82f4-d2e526bc7da0	57b19f4b-a096-4563-a79e-9e82f4ae9a42	goruntule	\N	2026-07-20 17:10:49.12413+00
1cf4197d-11a3-4b7b-b54d-54e9f952d5c0	31f33ff6-9e7b-4602-b685-3b28e8ac92bc	75b003fd-9e02-44c7-98a8-5cff436f50bc	kayit	\N	2026-07-19 17:08:47.947+00
d211a495-e6e7-4dd4-909f-88d351200bc3	e3c8a3c4-597c-4f74-bb0b-fd3e255645a9	57b19f4b-a096-4563-a79e-9e82f4ae9a42	goruntule	\N	2026-07-20 17:10:49.12413+00
2d6052b2-dab2-4417-b8f1-4075174ea104	a9224ab8-5a6c-41b5-b0eb-5b59361ae214	57b19f4b-a096-4563-a79e-9e82f4ae9a42	goruntule	\N	2026-07-20 17:10:49.12413+00
b56753f1-0b84-42a8-a03a-6819d92172be	df59fd8d-3c17-448e-8767-d2f3c12ee345	57b19f4b-a096-4563-a79e-9e82f4ae9a42	goruntule	\N	2026-07-20 17:10:49.12413+00
1018df0b-8258-4058-869d-0ba86c8b61f2	79dbd35e-8d1f-4e61-a1c7-dd2e24e028e1	57b19f4b-a096-4563-a79e-9e82f4ae9a42	yok	\N	2026-07-20 17:10:49.12413+00
5f63d73f-8015-4e2f-9f03-7892bdf6a9b6	3638e005-e422-442f-a335-edc0a8fc3ff6	57b19f4b-a096-4563-a79e-9e82f4ae9a42	tam	\N	2026-07-20 17:10:49.12413+00
3739d535-28c7-4265-8fdb-d42bbc34d673	32580e5b-c175-46a2-b2b6-d9fdcdb9e601	57b19f4b-a096-4563-a79e-9e82f4ae9a42	kayit	\N	2026-07-20 17:10:49.12413+00
bfce3fe8-c988-4f3c-a121-03937cd57488	9b6b01eb-437f-4440-b0b8-a8f9101ed0ea	57b19f4b-a096-4563-a79e-9e82f4ae9a42	goruntule	\N	2026-07-20 17:10:49.12413+00
a258d10d-9d1b-4ae5-b9b4-c51002e50183	7659caaf-9253-4cf5-a036-256ee60cb51c	57b19f4b-a096-4563-a79e-9e82f4ae9a42	goruntule	\N	2026-07-20 17:10:49.12413+00
0aabbb94-8fa1-423e-b9bc-1aabf2d7fcfd	3a8acfc3-a7b1-42cb-b567-e7f23d02a096	57b19f4b-a096-4563-a79e-9e82f4ae9a42	tam	\N	2026-07-20 17:10:49.12413+00
2ffa383d-90ac-4284-a11c-342be1e1ce02	13f231a5-b61e-4f58-9150-a2feee3cf15b	57b19f4b-a096-4563-a79e-9e82f4ae9a42	kayit	\N	2026-07-20 17:10:49.12413+00
b70d3c4f-291c-4e87-aace-23a47ac66acb	77a48bc8-96f9-4a15-9196-65b0e04304ae	57b19f4b-a096-4563-a79e-9e82f4ae9a42	goruntule	\N	2026-07-20 17:10:49.12413+00
bc32d5af-9327-4def-9e8d-3e52a7ad6f37	42022567-ab08-497d-adf1-8ab3996fd3a8	57b19f4b-a096-4563-a79e-9e82f4ae9a42	goruntule	\N	2026-07-20 17:10:49.12413+00
a276f678-7077-40b2-8342-c5bec993a45b	5a8fa998-d739-4294-a94f-448c9faae7ba	57b19f4b-a096-4563-a79e-9e82f4ae9a42	goruntule	\N	2026-07-20 17:10:49.12413+00
3fc3aa17-2594-4245-aa8b-20161486a63c	31f33ff6-9e7b-4602-b685-3b28e8ac92bc	57b19f4b-a096-4563-a79e-9e82f4ae9a42	goruntule	\N	2026-07-20 17:10:49.12413+00
5db1f1a6-94cd-47f5-8a13-4616ef81ccf0	490354d0-30c3-46c2-80d3-6e5b0847c01b	57b19f4b-a096-4563-a79e-9e82f4ae9a42	goruntule	\N	2026-07-20 17:10:49.12413+00
ee945c1c-e2ed-4037-ba24-80784e0cb09f	8c72efdb-d6bd-42c4-9ea8-71ffd5bc1d9b	57b19f4b-a096-4563-a79e-9e82f4ae9a42	kayit	\N	2026-07-20 17:10:49.12413+00
e7f7b679-aebf-4857-ab41-62a24da8c328	fd4b9619-456b-47af-9f2d-5f3edee9daa0	57b19f4b-a096-4563-a79e-9e82f4ae9a42	goruntule	\N	2026-07-20 17:10:49.12413+00
7b6655a3-5672-47bc-a690-30f65d07ec9e	23962bd5-15ea-4caf-8be1-12aaec2933aa	57b19f4b-a096-4563-a79e-9e82f4ae9a42	goruntule	\N	2026-07-20 17:10:49.12413+00
6d702dc4-413e-4a74-ba72-99deef50dfd8	08499574-2d86-432d-99b6-7fbe2b385b4f	57b19f4b-a096-4563-a79e-9e82f4ae9a42	goruntule	\N	2026-07-20 17:10:49.12413+00
a4027a1e-6f78-40dd-a122-47332ee2a2a9	69ccfc29-0308-45ed-8e3a-67c54fd26768	57b19f4b-a096-4563-a79e-9e82f4ae9a42	goruntule	\N	2026-07-20 17:10:49.12413+00
14b1e935-1895-409d-b4e7-01347f87ed06	f34e1839-eec7-4dce-8da1-6372e8969dcc	57b19f4b-a096-4563-a79e-9e82f4ae9a42	tam	\N	2026-07-20 17:10:49.12413+00
3527a95c-97d1-42ef-a23b-fc2b39d0a3e2	ee93e5b8-f124-40b3-8ce2-f4f2cb5dc53e	5d651cf2-e1b2-49c0-a347-8fcf353aaab1	tam	\N	2026-07-21 17:07:26.107+00
e681a798-e506-4a7a-876b-47e55c03d00a	ee93e5b8-f124-40b3-8ce2-f4f2cb5dc53e	89991120-3e94-4d03-b715-01cda1634467	tam	\N	2026-07-21 17:06:57.941+00
b86c7035-d02a-40f2-9636-9e4c43f94d0b	ee93e5b8-f124-40b3-8ce2-f4f2cb5dc53e	19681d74-4661-4ae4-85a2-6765dc5245bf	tam	\N	2026-07-21 17:07:05.08+00
20dc43bf-50a7-4298-8357-9547ac85458b	ee93e5b8-f124-40b3-8ce2-f4f2cb5dc53e	3b4a5e13-d6d9-4bf6-8ef5-9ba3f50e3e1c	tam	\N	2026-07-21 17:07:07.435+00
71a990e0-bb16-4610-bf8a-50b503bca8a9	ee93e5b8-f124-40b3-8ce2-f4f2cb5dc53e	75b003fd-9e02-44c7-98a8-5cff436f50bc	tam	\N	2026-07-21 17:07:24.366+00
1e925e06-3170-4ba8-9864-b69764e2279a	08efc465-f389-43c3-ad0c-2365938606d1	f7a64a62-035e-4f3c-9dd7-9f37d3907588	goruntule	\N	2026-07-21 17:07:26.677843+00
f7f261f8-65aa-4875-b890-33c65b8fde2c	ee93e5b8-f124-40b3-8ce2-f4f2cb5dc53e	4d5df911-8675-4501-87ba-3e74a73e13f2	tam	\N	2026-07-21 17:07:41.915+00
97e3717c-3ff9-4029-b2b7-17f480f80bb6	ee93e5b8-f124-40b3-8ce2-f4f2cb5dc53e	d5a216af-0e72-4091-a6fc-596dc8d91d3a	kayit	\N	2026-07-21 17:07:43.115+00
816f163c-ef6d-4c35-a027-847db5bff03d	ee93e5b8-f124-40b3-8ce2-f4f2cb5dc53e	f7a64a62-035e-4f3c-9dd7-9f37d3907588	tam	\N	2026-07-21 17:07:28.866+00
8986fb77-b679-49d9-b748-ddc157c2dc8e	ee93e5b8-f124-40b3-8ce2-f4f2cb5dc53e	6984beeb-838b-4a09-b4c0-2118e473535e	tam	\N	2026-07-21 17:07:37.818+00
02067d5b-8199-4522-a28d-962f63cb5b27	5cf6baf2-fa7e-41a3-82f4-d2e526bc7da0	9b5f9185-6e6f-453d-bc07-e5098a82bf73	yok	\N	2026-07-21 17:07:56.657+00
83e86f94-d239-4c87-82e5-113c2f62451d	ee93e5b8-f124-40b3-8ce2-f4f2cb5dc53e	9b5f9185-6e6f-453d-bc07-e5098a82bf73	yok	\N	2026-07-21 17:07:58.846+00
\.


--
-- PostgreSQL database dump complete
--

\unrestrict Uw7qWdC9jiZGL5wzu4vh17XIzWOLTSBMjl4xYiq9DJFN6XPlhlIOaWMaLsEYCXp

